"NETWORK NUMBER","V(N)","A(N)","L(N)","isBinary","isTreeBased","isInputTreeChild","isTreeChild","Measure1 TC","TREECHILD TIME"
"0","38","46","10","True","True","False","True","0.07260907040595155","0.0009970664978027344"
"1","38","46","10","True","True","False","False","0.04536037074788768","0.0010006427764892578"
"2","38","46","10","True","True","False","True","0.060400347638137286","0.0010006427764892578"
"3","38","46","10","True","False","False","False","0.043255753447409284","0.0009996891021728516"
"4","38","46","10","True","False","False","True","0.061651563560932154","0.0"
"5","38","46","10","True","False","False","False","0.04487106245017536","0.0"
"6","38","46","10","True","False","False","True","0.06052827980319997","0.0009982585906982422"
"7","38","46","10","True","True","False","False","0.046955913270391836","0.0009987354278564453"
"8","38","46","10","True","True","False","True","0.0621496267734406","0.0009989738464355469"
"9","38","46","10","True","True","False","True","0.052791587022060216","0.0009942054748535156"
"10","38","46","10","True","False","False","False","0.031416950521689024","0.00099945068359375"
"11","38","46","10","True","True","False","True","0.07820651441075721","0.0009989738464355469"
"12","38","46","10","True","False","False","False","0.05069391990203087","0.0"
"13","38","46","10","True","True","False","False","0.04487106245017536","0.0"
"14","38","46","10","True","False","False","False","0.05623252245408894","0.0"
"15","38","46","10","True","True","False","False","0.07592106406511567","0.001008749008178711"
"16","38","46","10","True","False","False","False","0.046489107886737546","0.0"
"17","38","46","10","True","False","False","False","0.047960282047387226","0.001001596450805664"
"18","38","46","10","True","True","False","False","0.029365475664764662","0.0010013580322265625"
"19","52","70","14","False","True","False","True","0.02616195949941358","0.001001119613647461"
"20","38","46","10","True","False","False","False","0.04597591096284892","0.0009980201721191406"
"21","38","46","10","True","True","False","True","0.07756946638231321","0.0010023117065429688"
"22","38","46","10","True","False","False","False","0.044256233805052614","0.0009975433349609375"
"23","38","46","10","True","True","False","True","0.07756946638231321","0.002008199691772461"
"24","38","46","10","True","True","False","True","0.07374700464105288","0.0009980201721191406"
"25","51","66","15","False","False","False","False","0.03851679906374694","0.0"
"26","38","47","10","False","True","False","True","0.060414436844705044","0.0010223388671875"
"27","38","46","10","True","True","False","False","0.04646578621597486","0.0"
"28","38","46","10","True","True","False","True","0.05888609668331757","0.0"
"29","38","46","10","True","True","False","True","0.06327485478433681","0.0009937286376953125"
"30","38","46","10","True","True","False","False","0.04536037074788768","0.0010139942169189453"
"31","38","46","10","True","False","False","False","0.058493799047770856","0.0010023117065429688"
"32","38","46","10","True","True","False","True","0.05838975970818561","0.0010013580322265625"
"33","38","46","10","True","False","False","False","0.029466403651795536","0.0010037422180175781"
"34","38","46","10","True","False","False","False","0.05425430791403696","0.0009984970092773438"
"35","38","46","10","True","False","False","False","0.057997668772552524","0.0009984970092773438"
"36","38","46","10","True","True","False","True","0.042688419776115816","0.0010058879852294922"
"37","38","47","10","False","False","False","True","0.06480324646989233","0.0009961128234863281"
"38","38","46","10","True","True","False","True","0.0621496267734406","0.0009984970092773438"
"39","38","46","10","True","True","False","True","0.06642497093509458","0.0020020008087158203"
"40","38","46","10","True","True","False","True","0.06052827980319997","0.0010030269622802734"
"41","38","46","10","True","True","False","False","0.0315410540101837","0.0"
"42","38","46","10","True","False","False","True","0.03410376701822382","0.0019998550415039062"
"43","38","46","10","True","False","False","False","0.044256233805052614","0.0020041465759277344"
"44","38","46","10","True","True","False","False","0.0600074180430622","0.0010004043579101562"
"45","38","46","10","True","True","False","True","0.07810025042541957","0.0"
"46","38","46","10","True","False","False","False","0.046955913270391836","0.0007898807525634766"
"47","38","46","10","True","False","False","False","0.04176859495792273","0.0009987354278564453"
"48","38","46","10","True","True","False","True","0.05890972614851009","0.0010030269622802734"
"49","38","46","10","True","True","False","False","0.030934682622914877","0.0009975433349609375"
"50","38","47","10","False","False","False","False","0.05838825457348007","0.001003265380859375"
"51","38","46","10","True","True","False","False","0.06264795463243888","0.0"
"52","38","46","10","True","False","False","False","0.03045265461164981","0.0010097026824951172"
"53","38","46","10","True","True","False","False","0.04597591096284892","0.0"
"54","38","46","10","True","False","False","False","0.04438200469460418","0.001004934310913086"
"55","38","46","10","True","True","False","True","0.04376749049880746","0.0"
"56","38","46","10","True","True","False","False","0.046955913270391836","0.0009989738464355469"
"57","38","46","10","True","True","False","True","0.07210539289218854","0.0"
"58","38","46","10","True","False","False","False","0.04487106245017536","0.0"
"59","38","46","10","True","True","False","False","0.03665021348050568","0.0"
"60","38","46","10","True","False","False","True","0.06212591567988912","0.0010004043579101562"
"61","38","46","10","True","False","False","True","0.07655697492313951","0.00099945068359375"
"62","38","46","10","True","True","False","True","0.09065426836128732","0.0"
"63","38","46","10","True","True","False","False","0.05940633750198698","0.0012629032135009766"
"64","38","46","10","True","True","False","True","0.07109885719057674","0.0"
"65","38","46","10","True","False","False","True","0.04697924693520794","0.0010008811950683594"
"66","38","46","10","True","False","False","False","0.044256233805052614","0.0009996891021728516"
"67","38","46","10","True","False","False","False","0.03359714716226059","0.0009899139404296875"
"68","38","46","10","True","True","False","False","0.04279075253117137","0.0"
"69","38","46","10","True","True","False","True","0.0610257471884077","0.0010001659393310547"
"70","38","46","10","True","False","False","True","0.07592106406511567","0.00099945068359375"
"71","38","46","10","True","True","False","False","0.07210539289218854","0.0009992122650146484"
"72","38","46","10","True","False","False","True","0.04636305910077687","0.0009915828704833984"
"73","38","46","10","True","False","False","True","0.05069391990203087","0.0009961128234863281"
"74","38","46","10","True","True","False","True","0.07223493909785494","0.0010006427764892578"
"75","38","46","10","True","False","False","True","0.04376749049880746","0.0009996891021728516"
"76","38","46","10","True","True","False","False","0.05888609668331757","0.0009927749633789062"
"77","38","46","10","True","False","False","False","0.027775928194577193","0.0009999275207519531"
"78","38","46","10","True","False","False","True","0.04697924693520794","0.0009996891021728516"
"79","38","46","10","True","False","False","False","0.04536037074788768","0.0009992122650146484"
"80","38","46","10","True","False","False","False","0.028985104518460036","0.002000093460083008"
"81","38","46","10","True","True","False","True","0.05888609668331757","0.001005411148071289"
"82","38","46","10","True","True","False","True","0.032529419890856226","0.002003908157348633"
"83","38","46","10","True","False","False","False","0.043255753447409284","0.000997304916381836"
"84","38","46","10","True","False","False","True","0.05911793132398668","0.0"
"85","38","46","10","True","True","False","True","0.07530963904888488","0.0010216236114501953"
"86","38","46","10","True","True","False","True","0.04327899686826431","0.0009894371032714844"
"87","38","46","10","True","False","False","True","0.06052827980319997","0.0010044574737548828"
"88","38","46","10","True","True","False","True","0.06052827980319997","0.0009989738464355469"
"89","38","46","10","True","True","False","True","0.05888609668331757","0.0"
"90","38","46","10","True","False","False","False","0.0340807443857043","0.0010001659393310547"
"91","38","46","10","True","True","False","True","0.0621496267734406","0.0010018348693847656"
"92","38","46","10","True","True","False","False","0.03410376701822382","0.0009889602661132812"
"93","38","46","10","True","False","False","True","0.029489316822071343","0.001001119613647461"
"94","38","46","10","True","True","False","True","0.04376749049880746","0.000982046127319336"
"95","38","46","10","True","True","False","False","0.04536037074788768","0.000997304916381836"
"96","38","46","10","True","True","False","True","0.059510489297984304","0.0010120868682861328"
"97","38","47","10","False","True","False","True","0.04489415182740497","0.0"
"98","58","74","18","False","True","False","True","0.017935112567752598","0.001028299331665039"
"99","38","46","10","True","True","False","False","0.0329894864850917","0.0009887218475341797"
"100","54","65","15","True","True","False","True","0.07319780582727531","0.0010004043579101562"
"101","54","65","15","True","True","False","True","0.05286114913091389","0.002003192901611328"
"102","54","65","15","True","True","False","True","0.05461727360738433","0.0019805431365966797"
"103","54","65","15","True","False","False","False","0.032848295266572514","0.0019927024841308594"
"104","54","65","15","True","False","False","False","0.04710158932190045","0.0010068416595458984"
"105","54","65","15","True","True","False","True","0.0681265656336898","0.003511190414428711"
"106","54","65","15","True","True","False","True","0.06501601546309765","0.0019974708557128906"
"107","54","65","15","True","True","False","False","0.03388624750668123","0.026534557342529297"
"108","54","65","15","True","False","False","True","0.03723814161140093","0.00099945068359375"
"109","54","65","15","True","False","False","True","0.06590181572028497","0.0020008087158203125"
"110","54","65","15","True","False","False","False","0.041802192373831204","0.0009996891021728516"
"111","54","65","15","True","True","False","False","0.053556585646247545","0.0010004043579101562"
"112","54","65","15","True","True","False","True","0.04632205072583273","0.0020041465759277344"
"113","54","65","15","True","True","False","False","0.03352933116583878","0.0019986629486083984"
"114","54","65","15","True","True","False","True","0.051276731402936204","0.0010023117065429688"
"115","54","65","15","True","True","False","True","0.03999761053601247","0.0020134449005126953"
"116","54","65","15","True","True","False","True","0.05399401701645257","0.0010154247283935547"
"117","54","65","15","True","False","False","True","0.0513660048413892","0.0030171871185302734"
"118","54","65","15","True","True","False","False","0.021945041699777512","0.001009225845336914"
"119","54","65","15","True","False","False","True","0.053556585646247545","0.0030031204223632812"
"120","54","65","15","True","False","False","False","0.04335453859764227","0.004999637603759766"
"121","54","65","15","True","False","False","True","0.06775654004026888","0.0020079612731933594"
"122","54","65","15","True","True","False","False","0.042234255255140574","0.00099945068359375"
"123","54","65","15","True","True","False","True","0.06243072656068216","0.0030002593994140625"
"124","54","65","15","True","False","False","True","0.04328239036034165","0.009998798370361328"
"125","54","65","15","True","True","False","True","0.053556585646247545","0.0029921531677246094"
"126","54","65","15","True","True","False","False","0.03276073095862997","0.0020012855529785156"
"127","54","65","15","True","False","False","False","0.0437151220155676","0.0009984970092773438"
"128","54","65","15","True","False","False","True","0.03431476866227223","0.0029973983764648438"
"129","54","65","15","True","True","False","True","0.06314999150798473","0.002007722854614258"
"130","54","65","15","True","False","False","False","0.032507957089678574","0.0019898414611816406"
"131","54","65","15","True","False","False","False","0.054690286948957945","0.001003265380859375"
"132","54","65","15","True","True","False","False","0.034210847304274816","0.001007080078125"
"133","54","65","15","True","False","False","False","0.051019025534969176","0.0029973983764648438"
"134","54","65","15","True","True","False","True","0.053135904433749825","0.0009872913360595703"
"135","54","65","15","True","True","False","False","0.03199274102173333","0.0010020732879638672"
"136","54","65","15","True","False","False","False","0.0396384229173915","0.0010228157043457031"
"137","54","65","15","True","False","False","False","0.03998128892683406","0.0010039806365966797"
"138","54","65","15","True","False","False","True","0.042921969975984076","0.0009951591491699219"
"139","54","65","15","True","False","False","False","0.05206034447409935","0.0010068416595458984"
"140","54","65","15","True","True","False","False","0.042921969975984076","0.0020008087158203125"
"141","54","65","15","True","False","False","False","0.059152456608095205","0.0010018348693847656"
"142","54","65","15","True","False","False","True","0.07480282782235526","0.001001119613647461"
"143","54","65","15","True","False","False","True","0.044059450208493","0.0009996891021728516"
"144","54","65","15","True","True","False","True","0.0893512193849949","0.001984119415283203"
"145","54","65","15","True","True","False","False","0.05441507999452333","0.0020105838775634766"
"146","54","65","15","True","True","False","True","0.05049376503551628","0.0010027885437011719"
"147","54","65","15","True","False","False","False","0.05362951715477893","0.0019991397857666016"
"148","54","65","15","True","False","False","True","0.06508984091111158","0.001003265380859375"
"149","54","65","15","True","True","False","False","0.0513660048413892","0.0010001659393310547"
"150","54","65","15","True","True","False","True","0.05477988278828161","0.002003192901611328"
"151","54","65","15","True","False","False","False","0.033957693998948324","0.0009951591491699219"
"152","54","65","15","True","False","False","True","0.06466397243209199","0.0019922256469726562"
"153","54","65","15","True","True","False","True","0.05242424072872476","0.0019888877868652344"
"154","54","65","15","True","False","False","False","0.02949541753186713","0.0019981861114501953"
"155","54","65","15","True","True","False","True","0.05320880353712587","0.001997232437133789"
"156","54","65","15","True","True","False","False","0.04259441674562714","0.0010020732879638672"
"157","54","65","15","True","True","False","True","0.06394354414247228","0.0010094642639160156"
"158","54","65","15","True","False","False","True","0.05364607415265632","0.0020012855529785156"
"159","54","65","15","True","False","False","False","0.06472101674011743","0.0020012855529785156"
"160","54","65","15","True","False","False","False","0.042921969975984076","0.0009746551513671875"
"161","54","65","15","True","True","False","False","0.04068372184949265","0.003993034362792969"
"162","54","65","15","True","False","False","False","0.03998128892683406","0.0009975433349609375"
"163","54","65","15","True","True","False","False","0.050147104356447425","0.0010042190551757812"
"164","54","65","15","True","True","False","False","0.04404305924915963","0.004998445510864258"
"165","54","65","15","True","False","False","False","0.031740167644180195","0.0019960403442382812"
"166","54","65","15","True","True","False","False","0.042578050867506434","0.0019943714141845703"
"167","54","65","15","True","True","False","False","0.03352933116583878","0.002002239227294922"
"168","54","65","15","True","True","False","False","0.031312785422125455","0.0060045719146728516"
"169","54","65","15","True","True","False","False","0.04328239036034165","0.0020072460174560547"
"170","54","65","15","True","False","False","True","0.05277173477956121","0.00099945068359375"
"171","54","65","15","True","True","False","False","0.04552673236767313","0.0019960403442382812"
"172","54","65","15","True","False","False","False","0.04102696158936281","0.0009980201721191406"
"173","54","65","15","True","True","False","True","0.06252106216159647","0.0010077953338623047"
"174","54","65","15","True","True","False","True","0.060496367574127685","0.0010004043579101562"
"175","54","65","15","True","True","False","True","0.05214969171727646","0.0010025501251220703"
"176","54","65","15","True","True","False","False","0.04284985434491895","0.0009949207305908203"
"177","54","65","15","True","True","False","True","0.07407451083170213","0.0020062923431396484"
"178","54","65","15","True","False","False","False","0.03965473869936875","0.001004934310913086"
"179","54","65","15","True","True","False","False","0.042921969975984076","0.0009984970092773438"
"180","54","65","15","True","True","False","False","0.022705135797431386","0.0009870529174804688"
"181","54","65","15","True","True","False","False","0.02458061280348678","0.004004240036010742"
"182","54","65","15","True","True","False","True","0.055825349522823586","0.0020008087158203125"
"183","54","65","15","True","False","False","False","0.05021977405846689","0.0019948482513427734"
"184","54","65","15","True","False","False","False","0.042938341735165975","0.0019996166229248047"
"185","54","65","15","True","False","False","True","0.03397391383575321","0.003000020980834961"
"186","54","65","15","True","True","False","False","0.0418905830059455","0.001999378204345703"
"187","54","65","15","True","False","False","False","0.042921969975984076","0.002996206283569336"
"188","54","65","15","True","False","False","True","0.05512824316962339","0.0020008087158203125"
"189","54","65","15","True","False","False","False","0.02568059757907093","0.0029973983764648438"
"190","54","65","15","True","False","False","True","0.04561546794920113","0.0019986629486083984"
"191","54","65","15","True","True","False","False","0.04335453859764227","0.0019998550415039062"
"192","54","65","15","True","False","False","False","0.052480548157633256","0.004002809524536133"
"193","54","65","15","True","False","False","True","0.05699500958334314","0.00200653076171875"
"194","54","65","15","True","True","False","True","0.041802192373831204","0.0010120868682861328"
"195","54","65","15","True","True","False","False","0.042234255255140574","0.002004861831665039"
"196","54","65","15","True","True","False","True","0.03140021883146571","0.001996755599975586"
"197","54","65","15","True","True","False","False","0.04068372184949265","0.000997781753540039"
"198","54","65","15","True","False","False","True","0.04735823545587459","0.0009961128234863281"
"199","54","65","15","True","False","False","True","0.049282344291508684","0.001998424530029297"
"200","70","84","20","True","False","False","True","0.06643370852629304","0.0030007362365722656"
"201","70","84","20","True","True","False","False","0.03901050517501958","0.0020008087158203125"
"202","70","84","20","True","True","False","True","0.0518106294954821","0.004021883010864258"
"203","70","84","20","True","False","False","False","0.057548990644414655","0.002001047134399414"
"204","70","84","20","True","True","False","True","0.0360351889078957","0.0010030269622802734"
"205","70","84","20","True","True","False","False","0.03987230909134898","0.0019979476928710938"
"206","70","84","20","True","False","False","False","0.034888371148645625","0.0030069351196289062"
"207","70","84","20","True","True","False","True","0.04248763960685431","0.002001047134399414"
"208","70","84","20","True","True","False","True","0.05682749407024179","0.0010006427764892578"
"209","70","84","20","True","True","False","True","0.03934305745502642","0.0029997825622558594"
"210","70","84","20","True","True","False","False","0.0405381263221819","0.0030145645141601562"
"211","70","84","20","True","True","False","False","0.04134572048858065","0.0019958019256591797"
"212","70","84","20","True","True","False","False","0.024084030337551132","0.0010018348693847656"
"213","70","84","20","True","False","False","False","0.03939852469338023","0.00099945068359375"
"214","70","84","20","True","False","False","True","0.056345196878913595","0.0019948482513427734"
"215","70","84","20","True","False","False","False","0.02545406721000265","0.003000974655151367"
"216","70","84","20","True","True","False","False","0.04241936161771298","0.0010042190551757812"
"217","70","84","20","True","True","False","True","0.04951848772467349","0.003014087677001953"
"218","70","84","20","True","True","False","False","0.04041445788354714","0.003991365432739258"
"219","70","84","20","True","True","False","False","0.03151851101681635","0.002002239227294922"
"220","70","84","20","True","False","False","True","0.051343633316543125","0.0019974708557128906"
"221","70","84","20","True","True","False","True","0.03696221672747013","0.002004861831665039"
"222","70","84","20","True","False","False","False","0.04628216707960742","0.001990079879760742"
"223","70","84","20","True","True","False","True","0.0575618252452903","0.0009920597076416016"
"224","70","84","20","True","False","False","False","0.03913399291764208","0.004000663757324219"
"225","70","84","20","True","True","False","True","0.02882779428269755","0.003003358840942383"
"226","70","84","20","True","True","False","False","0.039884907394324265","0.0030107498168945312"
"227","70","84","20","True","True","False","False","0.06725075558296367","0.003989219665527344"
"228","70","84","20","True","False","False","True","0.040064013304519475","0.0025374889373779297"
"229","70","84","20","True","True","False","True","0.05633237882511355","0.004006624221801758"
"230","70","84","20","True","False","False","True","0.05370434947789793","0.018987178802490234"
"231","70","84","20","True","False","False","False","0.016626970229171367","0.0009992122650146484"
"232","70","84","20","True","True","False","False","0.057479621581402185","0.0019960403442382812"
"233","70","84","20","True","True","False","True","0.039940405937942236","0.001999378204345703"
"234","70","84","20","True","False","False","False","0.050109501116938904","0.002013683319091797"
"235","70","84","20","True","False","False","False","0.035482960733787317","0.0009982585906982422"
"236","70","84","20","True","True","False","True","0.04756728315722236","0.000989675521850586"
"237","70","84","20","True","True","False","False","0.031188644571504387","0.0019996166229248047"
"238","70","84","20","True","True","False","False","0.03212352771985516","0.002003908157348633"
"239","70","84","20","True","True","False","False","0.056075915839289836","0.0019931793212890625"
"240","70","84","20","True","False","False","False","0.024932641543260137","0.0009980201721191406"
"241","70","84","20","True","False","False","True","0.048915123510816616","0.0019986629486083984"
"242","70","84","20","True","True","False","False","0.033767951440417665","0.0019981861114501953"
"243","70","84","20","True","True","False","True","0.03184848985348876","0.0009999275207519531"
"244","70","84","20","True","True","False","False","0.05722284651191134","0.002002239227294922"
"245","70","84","20","True","True","False","False","0.05518652911095645","0.001994609832763672"
"246","70","84","20","True","False","False","False","0.025975772012191034","0.001003265380859375"
"247","70","84","20","True","False","False","False","0.016435032045761133","0.002007722854614258"
"248","70","84","20","True","True","False","True","0.05187958378759783","0.0030477046966552734"
"249","70","84","20","True","True","False","False","0.03132362214759843","0.0009987354278564453"
"250","70","84","20","True","False","False","True","0.049587275717429935","0.002004384994506836"
"251","70","84","20","True","False","False","False","0.05599384156776632","0.0019991397857666016"
"252","70","84","20","True","False","False","False","0.03934305745502642","0.001996278762817383"
"253","70","84","20","True","True","False","False","0.037885285070692","0.0019989013671875"
"254","70","84","20","True","False","False","True","0.050670237558472886","0.0019991397857666016"
"255","70","84","20","True","False","False","False","0.04810110741621498","0.0019893646240234375"
"256","70","84","20","True","True","False","True","0.04783415787617362","0.0019989013671875"
"257","70","84","20","True","True","False","False","0.03211103044107866","0.0020058155059814453"
"258","70","84","20","True","False","False","False","0.043618274544039104","0.0019991397857666016"
"259","70","84","20","True","True","False","False","0.01696425498552112","0.0010056495666503906"
"260","70","84","20","True","True","False","False","0.041012473736142474","0.0009980201721191406"
"261","70","84","20","True","False","False","True","0.05072636665780916","0.0009953975677490234"
"262","70","84","20","True","False","False","False","0.041542647208862915","0.003987550735473633"
"263","70","84","20","True","False","False","True","0.05688398961569019","0.004992961883544922"
"264","70","84","20","True","True","False","False","0.04749864104480683","0.0019998550415039062"
"265","70","84","20","True","False","False","False","0.041876078361843705","0.002016782760620117"
"266","70","84","20","True","True","False","True","0.03928759341910282","0.0020055770874023438"
"267","70","84","20","True","False","False","True","0.03801839144923835","0.0019979476928710938"
"268","70","84","20","True","False","False","False","0.05038982794896385","0.000997781753540039"
"269","70","84","20","True","True","False","False","0.0410806515505604","0.0020215511322021484"
"270","70","84","20","True","True","False","True","0.04301863033004949","0.0039806365966796875"
"271","70","84","20","True","True","False","True","0.043618274544039104","0.0010020732879638672"
"272","70","84","20","True","True","False","False","0.03934305745502642","0.0009982585906982422"
"273","70","84","20","True","False","False","True","0.03270391281439755","0.0020003318786621094"
"274","70","84","20","True","True","False","True","0.050994129758121676","0.0020084381103515625"
"275","70","84","20","True","True","False","False","0.032043484399838396","0.0009958744049072266"
"276","70","84","20","True","True","False","False","0.048915123510816616","0.00099945068359375"
"277","70","84","20","True","False","False","False","0.04046998705599403","0.003002166748046875"
"278","70","84","20","True","True","False","True","0.03928759341910282","0.0030264854431152344"
"279","70","84","20","True","False","False","False","0.06524959497401217","0.002997875213623047"
"280","70","84","20","True","False","False","False","0.05444618789082034","0.001997232437133789"
"281","70","84","20","True","False","False","False","0.04423095055526394","0.0020017623901367188"
"282","70","84","20","True","False","False","False","0.04870395533620431","0.0030007362365722656"
"283","70","84","20","True","True","False","False","0.052696846715378","0.01000213623046875"
"284","70","84","20","True","True","False","False","0.050925239797981026","0.0019991397857666016"
"285","70","84","20","True","False","False","True","0.0405381263221819","0.002000093460083008"
"286","70","84","20","True","True","False","False","0.04220962559066954","0.0020055770874023438"
"287","70","84","20","True","False","False","False","0.04333993195512076","0.0010035037994384766"
"288","70","84","20","True","True","False","False","0.06403589699477097","0.001995563507080078"
"289","70","84","20","True","True","False","True","0.049854717807283344","0.0009992122650146484"
"290","70","84","20","True","False","False","True","0.06607855775742166","0.0050046443939208984"
"291","70","84","20","True","False","False","False","0.04074749688373902","0.00500035285949707"
"292","70","84","20","True","True","False","True","0.039552167500327085","0.0019998550415039062"
"293","70","84","20","True","False","False","False","0.03157353009922215","0.010001659393310547"
"294","70","84","20","True","False","False","False","0.0405381263221819","0.0030138492584228516"
"295","70","84","20","True","False","False","False","0.024932641543260137","0.001005411148071289"
"296","70","84","20","True","True","False","False","0.05241583739041933","0.003004312515258789"
"297","70","84","20","True","True","False","True","0.04898386786160647","0.002001523971557617"
"298","70","84","20","True","True","False","False","0.037213588273234066","0.002000570297241211"
"299","70","84","20","True","True","False","True","0.05013496944694029","0.0020034313201904297"
"300","86","103","25","True","True","False","False","0.04464220431481203","0.0019998550415039062"
"301","86","103","25","True","True","False","False","0.03228921856899214","0.003004312515258789"
"302","86","103","25","True","True","False","False","0.034875353180654045","0.0019981861114501953"
"303","86","103","25","True","True","False","False","0.033424368536412286","0.001991748809814453"
"304","86","103","25","True","False","False","False","0.05395332308245815","0.0070037841796875"
"305","86","103","25","True","True","False","False","0.040561594637511966","0.002995729446411133"
"306","86","103","25","True","False","False","False","0.040561594637511966","0.0020074844360351562"
"307","86","103","25","True","True","False","False","0.04078758943476157","0.001997232437133789"
"308","86","103","25","True","True","False","False","0.038501243422783826","0.0009996891021728516"
"309","86","103","25","True","True","False","False","0.026548082496641312","0.002002239227294922"
"310","86","103","25","True","True","False","False","0.0414906082981531","0.0020029544830322266"
"311","86","103","25","True","False","False","False","0.02339027765428081","0.0019969940185546875"
"312","86","103","25","True","True","False","False","0.029064089999280562","0.0009982585906982422"
"313","86","103","25","True","True","False","False","0.035079600127094324","0.0020072460174560547"
"314","86","103","25","True","True","False","False","0.04289819518653992","0.0009970664978027344"
"315","86","103","25","True","True","False","False","0.04654426456915295","0.0020246505737304688"
"316","86","103","25","True","True","False","False","0.021100240735797193","0.002996206283569336"
"317","86","103","25","True","False","False","True","0.040571860931166714","0.0019960403442382812"
"318","86","104","25","False","False","False","False","0.044682919353762895","0.004996538162231445"
"319","86","103","25","True","False","False","True","0.04703433940201429","0.0030088424682617188"
"320","86","103","25","True","True","False","False","0.048187074514967065","0.0030078887939453125"
"321","86","103","25","True","True","False","True","0.05809194769411219","0.0020008087158203125"
"322","86","103","25","True","True","False","False","0.03578867262320162","0.0029900074005126953"
"323","86","103","25","True","True","False","False","0.03251328102362394","0.001997232437133789"
"324","86","103","25","True","False","False","True","0.05606827026694039","0.004023075103759766"
"325","86","103","25","True","False","False","False","0.033524343549484525","0.001972198486328125"
"326","86","103","25","True","True","False","False","0.026651302609663308","0.0029876232147216797"
"327","86","103","25","True","False","False","False","0.03320009493102871","0.001997232437133789"
"328","86","103","25","True","False","False","False","0.06282259943660995","0.002000093460083008"
"329","86","103","25","True","False","False","False","0.04012002612755716","0.002999544143676758"
"330","86","103","25","True","False","False","False","0.025534150304581504","0.003000020980834961"
"331","86","103","25","True","True","False","True","0.038942068165147004","0.003008604049682617"
"332","86","103","25","True","False","False","False","0.031041533251646047","0.002000093460083008"
"333","86","103","25","True","False","False","False","0.03331023592562865","0.0029952526092529297"
"334","86","103","25","True","False","False","False","0.033693595360705375","0.0019834041595458984"
"335","86","103","25","True","True","False","False","0.046281737895902064","0.0009982585906982422"
"336","86","103","25","True","False","False","False","0.037575115344889776","0.0030002593994140625"
"337","86","103","25","True","True","False","False","0.04100336646697944","0.002000570297241211"
"338","86","103","25","True","False","False","True","0.05920164111660109","0.0030183792114257812"
"339","86","103","25","True","False","False","False","0.028157090170759402","0.0020067691802978516"
"340","86","103","25","True","True","False","False","0.026023766497271117","0.0009989738464355469"
"341","86","103","25","True","True","False","False","0.03573345900662317","0.003002643585205078"
"342","86","103","25","True","True","False","True","0.048197423058254474","0.003000497817993164"
"343","86","103","25","True","False","False","False","0.03964373603284399","0.003002166748046875"
"344","86","103","25","True","False","False","True","0.03239925587946979","0.003997087478637695"
"345","86","103","25","True","True","False","False","0.047216328977563005","0.003995418548583984"
"346","86","103","25","True","False","False","False","0.027944164751800726","0.0029754638671875"
"347","86","103","25","True","True","False","False","0.0364982669488515","0.004000186920166016"
"348","86","103","25","True","True","False","False","0.04697847426379731","0.008997201919555664"
"349","86","103","25","True","False","False","False","0.048141489657968606","0.003002643585205078"
"350","86","103","25","True","False","False","False","0.04556486982088637","0.0049970149993896484"
"351","86","103","25","True","False","False","True","0.03235441477120449","0.004003286361694336"
"352","86","103","25","True","True","False","False","0.03434651575455716","0.0040130615234375"
"353","86","103","25","True","False","False","False","0.040551328453708346","0.007016420364379883"
"354","86","103","25","True","False","False","False","0.059247761901401574","0.004003763198852539"
"355","86","103","25","True","False","False","False","0.04796966929877389","0.005995988845825195"
"356","86","103","25","True","True","False","True","0.0495132756859441","0.0049877166748046875"
"357","86","103","25","True","True","False","False","0.020888849955111977","0.0020017623901367188"
"358","86","103","25","True","True","False","False","0.03396289721636081","0.0030031204223632812"
"359","86","103","25","True","True","False","True","0.04193280850255765","0.002995729446411133"
"360","86","103","25","True","False","False","False","0.04464220431481203","0.00399327278137207"
"361","86","103","25","True","False","False","False","0.04104861200502352","0.006003379821777344"
"362","86","103","25","True","False","False","False","0.032613161879956776","0.0019941329956054688"
"363","86","103","25","True","True","False","True","0.051040953887534046","0.002001523971557617"
"364","86","103","25","True","True","False","False","0.040290441135013455","0.0029985904693603516"
"365","86","103","25","True","False","False","True","0.056772235649021785","0.0019965171813964844"
"366","86","103","25","True","True","False","False","0.02971389512300615","0.0019969940185546875"
"367","86","103","25","True","True","False","False","0.042692280097741064","0.0019996166229248047"
"368","86","103","25","True","False","False","True","0.03645323508262399","0.003008604049682617"
"369","86","103","25","True","True","False","False","0.046715828012736216","0.0030028820037841797"
"370","86","103","25","True","False","False","False","0.04765084509011441","0.0019969940185546875"
"371","86","103","25","True","True","False","False","0.03579888809735454","0.0019981861114501953"
"372","86","103","25","True","True","False","False","0.047150115888119126","0.0009963512420654297"
"373","86","103","25","True","False","False","False","0.039633479660820425","0.004004716873168945"
"374","86","103","25","True","False","False","True","0.03401800963113011","0.002996683120727539"
"375","86","103","25","True","True","False","True","0.047489454087421556","0.0009932518005371094"
"376","86","103","25","True","True","False","False","0.039633479660820425","0.004009723663330078"
"377","86","103","25","True","False","False","False","0.041319979948899244","0.001993417739868164"
"378","86","103","25","True","False","False","False","0.042465835760101656","0.0030024051666259766"
"379","86","103","25","True","True","False","True","0.02671612115147448","0.001004934310913086"
"380","86","103","25","True","True","False","False","0.04884994395793674","0.003998994827270508"
"381","86","103","25","True","False","False","False","0.03331023592562865","0.003007650375366211"
"382","86","103","25","True","False","False","True","0.04907790855050509","0.0030045509338378906"
"383","86","103","25","True","True","False","False","0.033320425208676396","0.0039861202239990234"
"384","86","103","25","True","True","False","True","0.03326535256238061","0.001994609832763672"
"385","86","103","25","True","True","False","True","0.0548391705955763","0.00199127197265625"
"386","86","103","25","True","True","False","False","0.03508980809431883","0.0019991397857666016"
"387","86","103","25","True","False","False","False","0.03774507964943741","0.0019998550415039062"
"388","86","103","25","True","True","False","False","0.027844763595930133","0.0009992122650146484"
"389","86","103","25","True","False","False","False","0.026280831356761736","0.0030028820037841797"
"390","86","103","25","True","False","False","True","0.04289819518653992","0.0019905567169189453"
"391","86","103","25","True","False","False","False","0.033524343549484525","0.0030007362365722656"
"392","86","103","25","True","True","False","False","0.04830299123437054","0.002003192901611328"
"393","86","103","25","True","True","False","False","0.03643279036820657","0.003008127212524414"
"394","86","103","25","True","False","False","True","0.04792409485101423","0.0030057430267333984"
"395","86","103","25","True","False","False","False","0.03515519353710317","0.0019958019256591797"
"396","86","103","25","True","False","False","False","0.02670600100798881","0.0020024776458740234"
"397","86","103","25","True","False","False","False","0.029927208987562626","0.003003358840942383"
"398","86","103","25","True","False","False","True","0.0546765523602184","0.003004789352416992"
"399","86","103","25","True","False","False","False","0.03914717956629499","0.0019936561584472656"
"400","102","122","30","True","True","False","True","0.04026071699664968","0.002995729446411133"
"401","102","122","30","True","False","False","False","0.030285185239483314","0.0030078887939453125"
"402","102","122","30","True","True","False","True","0.04342365066632481","0.005998849868774414"
"403","102","122","30","True","True","False","True","0.04626402252682915","0.002000093460083008"
"404","102","122","30","True","True","False","False","0.04608103119836804","0.0019991397857666016"
"405","102","122","30","True","False","False","False","0.039012677116171735","0.0039789676666259766"
"406","102","122","30","True","False","False","False","0.046638824166212234","0.005004167556762695"
"407","102","122","30","True","True","False","True","0.04342365066632481","0.0019986629486083984"
"408","102","122","30","True","False","False","False","0.04158145973860683","0.0029981136322021484"
"409","102","123","30","False","False","False","False","0.0354875395218015","0.003000974655151367"
"410","102","122","30","True","False","False","True","0.049502909975674525","0.004000663757324219"
"411","102","122","30","True","True","False","False","0.034694187830625944","0.003000497817993164"
"412","102","122","30","True","False","False","False","0.041857313163638166","0.002995014190673828"
"413","102","122","30","True","True","False","True","0.04488979139438232","0.003014802932739258"
"414","102","122","30","True","True","False","False","0.046216944185072495","0.0069980621337890625"
"415","102","122","30","True","True","False","False","0.033878240631469714","0.005006551742553711"
"416","102","122","30","True","True","False","False","0.04626402252682915","0.006002664566040039"
"417","102","122","30","True","True","False","True","0.02951921088027909","0.0030193328857421875"
"418","102","122","30","True","False","False","False","0.04061585523428057","0.003996372222900391"
"419","102","122","30","True","True","False","True","0.04365308336424234","0.0025272369384765625"
"420","102","122","30","True","True","False","False","0.03946949009842182","0.007021188735961914"
"421","102","122","30","True","False","False","False","0.03331921717067088","0.004004001617431641"
"422","102","122","30","True","False","False","False","0.03449618108035091","0.003995418548583984"
"423","102","122","30","True","True","False","False","0.05200538641615904","0.00600123405456543"
"424","102","122","30","True","True","False","False","0.031060338634125162","0.004000425338745117"
"425","102","122","30","True","True","False","False","0.0286990582308696","0.003001689910888672"
"426","102","122","30","True","False","False","True","0.058558434120598135","0.008994340896606445"
"427","102","122","30","True","False","False","True","0.027980526566954045","0.0059969425201416016"
"428","102","122","30","True","False","False","False","0.030058914618086963","0.024683237075805664"
"429","102","122","30","True","True","False","True","0.04849080646851134","0.0059969425201416016"
"430","102","122","30","True","True","False","False","0.033138675815198027","0.0030035972595214844"
"431","102","122","30","True","False","False","False","0.03510242017647802","0.003998517990112305"
"432","102","122","30","True","True","False","False","0.03341547564075942","0.0050084590911865234"
"433","102","122","30","True","False","False","False","0.03481128344988671","0.005008697509765625"
"434","102","122","30","True","False","False","False","0.03709621557926379","0.003998517990112305"
"435","102","122","30","True","True","False","True","0.04622565402194467","0.004000663757324219"
"436","102","122","30","True","True","False","False","0.04461306238705376","0.004987001419067383"
"437","102","122","30","True","True","False","False","0.04309703082752059","0.0019981861114501953"
"438","102","122","30","True","True","False","False","0.053669243050170734","0.005006551742553711"
"439","102","122","30","True","False","False","False","0.04489848912857819","0.004013776779174805"
"440","102","122","30","True","True","False","False","0.04099711180073351","0.0029973983764648438"
"441","102","122","30","True","True","False","True","0.05473978718280659","0.0030181407928466797"
"442","102","122","30","True","True","False","False","0.04608103119836804","0.008004188537597656"
"443","102","122","30","True","True","False","True","0.03865813112329208","0.003004789352416992"
"444","102","122","30","True","False","False","False","0.040023441432344264","0.003990888595581055"
"445","102","122","30","True","False","False","False","0.02892501199146369","0.0029931068420410156"
"446","102","122","30","True","False","False","True","0.040480735624469855","0.0030014514923095703"
"447","102","122","30","True","True","False","True","0.03965987190728726","0.0039975643157958984"
"448","102","122","30","True","True","False","False","0.03273127226035388","0.0039920806884765625"
"449","102","122","30","True","True","False","False","0.0454468882611716","0.003000020980834961"
"450","102","122","30","True","True","False","False","0.03805828703569347","0.003993511199951172"
"451","102","122","30","True","True","False","False","0.038649489848184726","0.005003213882446289"
"452","102","122","30","True","True","False","True","0.0460426700534603","0.003997087478637695"
"453","102","122","30","True","False","False","False","0.04428603606099313","0.002992391586303711"
"454","102","122","30","True","True","False","False","0.044515675836495516","0.006997823715209961"
"455","102","122","30","True","True","False","True","0.049272065577890434","0.004994392395019531"
"456","102","122","30","True","True","False","False","0.028916457327397116","0.0029969215393066406"
"457","102","122","30","True","False","False","False","0.03368040107540182","0.004985332489013672"
"458","102","122","30","True","True","False","False","0.05697236697534658","0.004992485046386719"
"459","102","122","30","True","True","False","False","0.03962176724777322","0.0030014514923095703"
"460","102","122","30","True","True","False","False","0.03988840519484027","0.0030035972595214844"
"461","102","122","30","True","False","False","False","0.026840509232538334","0.002996683120727539"
"462","102","122","30","True","False","False","False","0.03810496606555458","0.00699305534362793"
"463","102","122","30","True","True","False","False","0.02774624794106828","0.003996372222900391"
"464","102","122","30","True","False","False","False","0.03291173755948762","0.003996610641479492"
"465","102","122","30","True","True","False","False","0.04309703082752059","0.0040073394775390625"
"466","102","122","30","True","True","False","False","0.03427752590071009","0.002013683319091797"
"467","102","122","30","True","True","False","False","0.04044259836791364","0.0049533843994140625"
"468","102","122","30","True","True","False","False","0.027387267707028817","0.007006168365478516"
"469","102","122","30","True","False","False","False","0.034324022175400204","0.002985715866088867"
"470","102","122","30","True","False","False","False","0.035274717989509874","0.004005908966064453"
"471","102","122","30","True","False","False","False","0.039068047468148404","0.0030121803283691406"
"472","102","122","30","True","False","False","False","0.04953267055656141","0.0030019283294677734"
"473","102","122","30","True","True","False","False","0.04520832387902829","0.003994941711425781"
"474","102","122","30","True","False","False","False","0.03463906835074115","0.0040013790130615234"
"475","102","122","30","True","False","False","True","0.041963100573123246","0.004009246826171875"
"476","102","122","30","True","True","False","False","0.04525535248583967","0.0019996166229248047"
"477","102","122","30","True","True","False","False","0.04095029200385503","0.004010200500488281"
"478","102","122","30","True","True","False","True","0.05069993858547939","0.004020214080810547"
"479","102","122","30","True","False","False","False","0.03658862539037133","0.009005308151245117"
"480","102","122","30","True","False","False","False","0.04044259836791364","0.00399017333984375"
"481","102","122","30","True","False","False","False","0.0563608809860503","0.0060040950775146484"
"482","102","122","30","True","False","False","False","0.0398329875349509","0.007012128829956055"
"483","102","122","30","True","False","False","False","0.03962176724777322","0.004004001617431641"
"484","102","122","30","True","False","False","False","0.04200129835980415","0.0030002593994140625"
"485","102","122","30","True","True","False","False","0.0334533356264598","0.004002809524536133"
"486","102","122","30","True","True","False","False","0.04525535248583967","0.002996683120727539"
"487","102","122","30","True","True","False","False","0.0630436891966828","0.003997802734375"
"488","102","122","30","True","True","False","False","0.04525535248583967","0.004988670349121094"
"489","102","122","30","True","True","False","False","0.041035271109843174","0.003992319107055664"
"490","102","122","30","True","True","False","False","0.04465136612738008","0.0039825439453125"
"491","102","122","30","True","False","False","False","0.032315455514788094","0.0029938220977783203"
"492","102","122","30","True","False","False","False","0.0325044295662672","0.001992464065551758"
"493","102","122","30","True","True","False","False","0.04622565402194467","0.003996610641479492"
"494","102","122","30","True","True","False","False","0.03454268788544024","0.0040018558502197266"
"495","102","122","30","True","False","False","False","0.02910476980113097","0.004008054733276367"
"496","102","122","30","True","True","False","True","0.05520420426233674","0.005997180938720703"
"497","102","122","30","True","True","False","False","0.02739580892091309","0.0029947757720947266"
"498","102","123","30","False","False","False","False","0.034265157247057476","0.006009101867675781"
"499","102","122","30","True","True","False","False","0.03965987190728726","0.003994941711425781"
"500","118","141","35","True","True","False","False","0.0393169930040953","0.006033182144165039"
"501","118","141","35","True","True","False","False","0.04958290905000062","0.005974531173706055"
"502","118","141","35","True","False","False","False","0.034514454884348345","0.004007101058959961"
"503","118","141","35","True","True","False","False","0.0341542668541297","0.00399017333984375"
"504","118","141","35","True","True","False","False","0.0351726626957376","0.006001472473144531"
"505","118","141","35","True","False","False","False","0.030031994798270123","0.003996610641479492"
"506","118","141","35","True","False","False","False","0.04359646846663312","0.010001659393310547"
"507","118","141","35","True","False","False","False","0.027409707926077886","0.006994009017944336"
"508","118","141","35","True","True","False","False","0.04714375014588912","0.0039958953857421875"
"509","118","141","35","True","False","False","False","0.030039399634933073","0.004996776580810547"
"510","118","141","35","True","True","False","True","0.03809694368266625","0.005956411361694336"
"511","118","141","35","True","False","False","True","0.033685645500028616","0.0039958953857421875"
"512","118","141","35","True","True","False","False","0.0342628871332078","0.0029892921447753906"
"513","118","141","35","True","False","False","False","0.0393169930040953","0.006018400192260742"
"514","118","141","35","True","False","False","True","0.03435816423161431","0.0030028820037841797"
"515","118","141","35","True","False","False","False","0.045993392373267605","0.005997657775878906"
"516","118","141","35","True","True","False","True","0.040315383038817765","0.006001472473144531"
"517","118","141","35","True","True","False","False","0.0351726626957376","0.0059931278228759766"
"518","118","141","35","True","False","False","False","0.04434968906813308","0.006998777389526367"
"519","118","141","35","True","True","False","False","0.029836409923302276","0.004998445510864258"
"520","118","141","35","True","False","False","False","0.039631213744974025","0.005006074905395508"
"521","118","141","35","True","False","False","False","0.03446680744868136","0.005002498626708984"
"522","118","141","35","True","True","False","False","0.033957847383683126","0.004994392395019531"
"523","118","141","35","True","False","False","False","0.04463244724944593","0.0039920806884765625"
"524","118","141","35","True","True","False","False","0.0345070157263031","0.0019996166229248047"
"525","118","141","35","True","True","False","True","0.03274742397518582","0.003999948501586914"
"526","118","141","35","True","False","False","False","0.03528884276827471","0.004004955291748047"
"527","118","141","35","True","True","False","False","0.0367546115598153","0.007006168365478516"
"528","118","141","35","True","True","False","False","0.04050561831196242","0.0039997100830078125"
"529","118","141","35","True","False","False","False","0.040622444202152774","0.00599360466003418"
"530","118","141","35","True","True","False","False","0.04434968906813308","0.003003835678100586"
"531","118","141","35","True","False","False","False","0.02624444400981274","0.004007577896118164"
"532","118","141","35","True","True","False","False","0.041142432370185666","0.008007526397705078"
"533","118","141","35","True","False","False","False","0.03152081831487075","0.0029993057250976562"
"534","118","141","35","True","True","False","False","0.04102554313307061","0.0049896240234375"
"535","118","141","35","True","True","False","False","0.03399803447666083","0.015002250671386719"
"536","118","142","35","False","True","False","False","0.03392752147171951","0.006994724273681641"
"537","118","141","35","True","True","False","False","0.05877669894214854","0.007002353668212891"
"538","118","141","35","True","False","False","False","0.054068340306874574","0.004001617431640625"
"539","118","141","35","True","True","False","False","0.04260966094317953","0.004990100860595703"
"540","118","141","35","True","False","False","False","0.03812983653172952","0.004022359848022461"
"541","118","141","35","True","True","False","False","0.04376178014254073","0.008014917373657227"
"542","118","141","35","True","True","False","False","0.026284312755953443","0.003998756408691406"
"543","118","141","35","True","False","False","False","0.042635206521753566","0.005004167556762695"
"544","118","141","35","True","False","False","False","0.0336529039238298","0.008008480072021484"
"545","118","141","35","True","True","False","False","0.03230931411531934","0.004999399185180664"
"546","118","141","35","True","False","False","False","0.03845113894390506","0.003996849060058594"
"547","118","141","35","True","True","False","False","0.05102058637420415","0.010001420974731445"
"548","118","141","35","True","False","False","False","0.04299858653039135","0.005991220474243164"
"549","118","141","35","True","True","False","True","0.04134781607142923","0.006021976470947266"
"550","118","141","35","True","True","False","False","0.033169667790473256","0.0030007362365722656"
"551","118","141","35","True","True","False","False","0.04098506155543402","0.00600123405456543"
"552","118","141","35","True","False","False","False","0.02284677133740476","0.0040051937103271484"
"553","118","141","35","True","True","False","False","0.0393169930040953","0.011027336120605469"
"554","118","141","35","True","True","False","False","0.0345070157263031","0.003998994827270508"
"555","118","141","35","True","True","False","False","0.040622444202152774","0.0049953460693359375"
"556","118","141","35","True","False","False","True","0.04918373617147953","0.006013154983520508"
"557","118","141","35","True","True","False","False","0.016615136207007164","0.004985809326171875"
"558","118","141","35","True","False","False","False","0.037187284315158275","0.0040018558502197266"
"559","118","141","35","True","True","False","False","0.03462311569031706","0.0030012130737304688"
"560","118","141","35","True","False","False","False","0.042602158883885966","0.004998445510864258"
"561","118","141","35","True","True","False","False","0.039159921168166245","0.002997875213623047"
"562","118","141","35","True","False","False","True","0.04897666021765146","0.003996372222900391"
"563","118","141","35","True","True","False","True","0.03864847646514358","0.004007101058959961"
"564","118","141","35","True","True","False","False","0.030031994798270123","0.004000186920166016"
"565","118","141","35","True","False","False","False","0.04745301248559919","0.014007568359375"
"566","118","141","35","True","True","False","False","0.04869261080008225","0.005002021789550781"
"567","118","141","35","True","False","False","False","0.049542062999907266","0.003998756408691406"
"568","118","141","35","True","True","False","False","0.025617366579378853","0.004998922348022461"
"569","118","141","35","True","False","False","False","0.03183416715986176","0.005006074905395508"
"570","118","141","35","True","False","False","False","0.0268263021114008","0.0039958953857421875"
"571","118","141","35","True","True","False","False","0.028194868079560287","0.004990339279174805"
"572","118","141","35","True","True","False","False","0.035813403710036495","0.004998683929443359"
"573","118","141","35","True","True","False","False","0.043919608005011046","0.004997730255126953"
"574","118","141","35","True","True","False","True","0.0510614960657636","0.005002498626708984"
"575","118","141","35","True","False","False","False","0.03384182736271102","0.004992485046386719"
"576","118","141","35","True","True","False","False","0.052336274928040605","0.005000114440917969"
"577","118","141","35","True","True","False","True","0.03916739635090327","0.004007816314697266"
"578","118","141","35","True","False","False","False","0.03348188999758417","0.004021883010864258"
"579","118","141","35","True","False","False","False","0.042675757877701725","0.005009651184082031"
"580","118","141","35","True","True","False","False","0.02971348031252785","0.004003286361694336"
"581","118","141","35","True","True","False","False","0.03411407326087612","0.004004240036010742"
"582","118","141","35","True","False","False","False","0.036873860908052336","0.003988981246948242"
"583","118","141","35","True","True","False","False","0.02464138525565651","0.004999637603759766"
"584","118","141","35","True","False","False","True","0.0448717064098213","0.009002923965454102"
"585","118","141","35","True","True","False","False","0.0375860638655251","0.003996372222900391"
"586","118","141","35","True","True","False","True","0.05422029388161309","0.00499415397644043"
"587","118","141","35","True","True","False","False","0.04328094539345695","0.003001689910888672"
"588","118","141","35","True","True","False","False","0.037148631636058194","0.003007173538208008"
"589","118","141","35","True","False","False","False","0.034350726277599164","0.006008148193359375"
"590","118","141","35","True","False","False","False","0.049900524970086235","0.004982471466064453"
"591","118","141","35","True","False","False","False","0.04785145978592564","0.003996849060058594"
"592","118","141","35","True","False","False","False","0.04161637515886474","0.002991199493408203"
"593","118","141","35","True","True","False","False","0.0433215241207604","0.004996061325073242"
"594","118","141","35","True","True","False","False","0.03533653080657195","0.003998756408691406"
"595","118","141","35","True","True","False","False","0.034350726277599164","0.0029993057250976562"
"596","118","141","35","True","False","False","True","0.037502477922171096","0.0029926300048828125"
"597","118","141","35","True","False","False","False","0.03948156815323933","0.005000114440917969"
"598","118","141","35","True","False","False","False","0.0341542668541297","0.007023811340332031"
"599","118","141","35","True","False","False","False","0.042010718883878084","0.003993034362792969"
