"NETWORK NUMBER","V(N)","A(N)","L(N)","isBinary","isTreeBased","V(PN)","A(PN)","L(PN)","isBinary","isTreeBased","V(FN)","A(FN)","L(FN)","isBinary","isTreeBased","Measure1 FOLD","Measure1 PP","RV Input","RV PN","RV FN","TV Input","TV PN","TV FN","PL Input","PL PN","PL FN","HN Input","HN PN","HN FN","FOLD TIME","PP TIME"
"0","25","28","10","True","True","25","28","10","True","True","25","28","10","True","True","0.0","0.0","3","3","3","12","12","12","[1, 2, 2, 2, 4, 4, 1, 2, 2, 2]","[1, 2, 2, 2, 4, 4, 1, 2, 2, 2]","[1, 2, 2, 2, 4, 4, 1, 2, 2, 2]","3","3","3","0.0009992122650146484","0.0010039806365966797"
"1","38","46","10","True","False","30","34","11","False","True","32","35","11","True","True","0.07451128668849871","0.10940626931122188","9","2","3","18","12","13","[8, 1, 1, 1, 1, 8, 4, 4, 4, 2]","[1, 1, 1, 1, 2, 1, 4, 4, 4, 6, 6]","[4, 1, 1, 1, 1, 4, 2, 2, 2, 2, 1]","9","2","3","0.37174320220947266","0.0740053653717041"
"2","38","46","10","True","False","27","31","10","True","True","37","45","10","True","False","0.01193524302891269","0.15000451533281678","9","4","9","18","13","17","[1, 7, 7, 1, 5, 5, 1, 3, 3, 3]","[1, 1, 1, 3, 3, 3, 5, 5, 7, 7]","[1, 7, 7, 1, 5, 5, 1, 3, 3, 3]","9","4","9","14.156664848327637","0.09660649299621582"
"3","30","38","10","True","True","30","38","10","True","True","30","38","10","True","True","0.0","0.0","3","3","3","16","16","16","[1, 4, 4, 4, 4, 4, 4, 4, 4, 1]","[1, 4, 4, 4, 4, 4, 4, 4, 4, 1]","[1, 4, 4, 4, 4, 4, 4, 4, 4, 1]","3","3","3","0.0010025501251220703","0.0009942054748535156"
"4","25","27","10","True","True","25","27","10","True","True","25","27","10","True","True","0.0","0.0","3","3","3","11","11","11","[1, 1, 1, 1, 2, 3, 3, 2, 2, 2]","[1, 1, 1, 1, 2, 3, 3, 2, 2, 2]","[1, 1, 1, 1, 2, 3, 3, 2, 2, 2]","3","3","3","0.0010013580322265625","0.0010018348693847656"
"5","25","28","10","True","True","25","28","10","True","True","25","28","10","True","True","0.0","0.0","3","3","3","12","12","12","[1, 1, 1, 1, 3, 4, 4, 4, 1, 1]","[1, 1, 1, 1, 3, 4, 4, 4, 1, 1]","[1, 1, 1, 1, 3, 4, 4, 4, 1, 1]","3","3","3","0.002001047134399414","0.002999544143676758"
"6","38","46","10","True","False","30","34","10","True","True","34","37","13","True","True","0.061281799417369776","0.11396366822522952","9","5","4","18","13","15","[2, 13, 24, 4, 6, 6, 6, 2, 1, 1]","[1, 1, 1, 1, 2, 3, 3, 3, 7, 13]","[1, 2, 1, 1, 1, 7, 2, 3, 7, 1, 3, 3, 3]","9","5","4","0.7770130634307861","0.10783743858337402"
"7","25","28","10","True","True","25","28","10","True","True","25","28","10","True","True","0.0","0.0","3","3","3","12","12","12","[1, 1, 1, 1, 1, 4, 4, 2, 2, 2]","[1, 1, 1, 1, 1, 4, 4, 2, 2, 2]","[1, 1, 1, 1, 1, 4, 4, 2, 2, 2]","3","3","3","0.000995635986328125","0.0009996891021728516"
"8","25","28","10","True","True","25","28","10","True","True","25","28","10","True","True","0.0","0.0","3","3","3","12","12","12","[1, 1, 2, 4, 4, 8, 8, 4, 4, 4]","[1, 1, 2, 4, 4, 8, 8, 4, 4, 4]","[1, 1, 2, 4, 4, 8, 8, 4, 4, 4]","3","3","3","0.0010008811950683594","0.0009987354278564453"
"9","25","28","10","True","True","25","28","10","True","True","25","28","10","True","True","0.0","0.0","3","3","3","12","12","12","[1, 3, 3, 4, 4, 4, 4, 1, 1, 1]","[1, 3, 3, 4, 4, 4, 4, 1, 1, 1]","[1, 3, 3, 4, 4, 4, 4, 1, 1, 1]","3","3","3","0.0","0.0009975433349609375"
"10","25","28","10","True","True","25","28","10","True","True","25","28","10","True","True","0.0","0.0","3","3","3","12","12","12","[2, 3, 3, 2, 2, 4, 4, 1, 1, 1]","[2, 3, 3, 2, 2, 4, 4, 1, 1, 1]","[2, 3, 3, 2, 2, 4, 4, 1, 1, 1]","3","3","3","0.0010008811950683594","0.0010037422180175781"
"11","25","28","10","True","True","25","28","10","True","True","25","28","10","True","True","0.0","0.0","3","3","3","12","12","12","[1, 3, 3, 6, 6, 6, 3, 3, 3, 2]","[1, 3, 3, 6, 6, 6, 3, 3, 3, 2]","[1, 3, 3, 6, 6, 6, 3, 3, 3, 2]","3","3","3","0.0019998550415039062","0.0009989738464355469"
"12","25","27","10","True","True","25","27","10","True","True","25","27","10","True","True","0.0","0.0","3","3","3","11","11","11","[1, 2, 2, 5, 5, 3, 3, 1, 1, 1]","[1, 2, 2, 5, 5, 3, 3, 1, 1, 1]","[1, 2, 2, 5, 5, 3, 3, 1, 1, 1]","3","3","3","0.0020008087158203125","0.0010068416595458984"
"13","38","46","10","True","False","28","32","10","True","False","32","35","10","True","True","0.0836881257849349","0.15236985459619423","9","2","4","18","10","12","[1, 1, 7, 2, 2, 2, 2, 3, 8, 3]","[1, 1, 2, 2, 2, 3, 4, 4, 6, 6]","[1, 1, 3, 1, 1, 1, 1, 1, 3, 1]","9","2","4","1.2448742389678955","0.07111620903015137"
"14","25","27","10","True","True","25","27","10","True","True","25","27","10","True","True","0.0","0.0","3","3","3","11","11","11","[1, 1, 1, 3, 4, 4, 2, 1, 1, 1]","[1, 1, 1, 3, 4, 4, 2, 1, 1, 1]","[1, 1, 1, 3, 4, 4, 2, 1, 1, 1]","3","3","3","0.0010004043579101562","0.0"
"15","38","46","10","True","False","29","33","10","True","True","33","37","11","True","True","0.07347813562875871","0.13663434654570228","9","3","5","18","11","14","[1, 1, 7, 1, 1, 1, 11, 4, 4, 1]","[1, 1, 1, 1, 1, 3, 4, 4, 3, 3]","[1, 1, 3, 1, 1, 1, 3, 1, 1, 1, 2]","9","3","5","0.6994812488555908","0.0611116886138916"
"16","38","46","10","True","False","34","39","11","True","True","34","39","11","True","True","0.0429163308410061","0.0429163308410061","9","5","5","18","15","15","[1, 1, 1, 2, 13, 2, 3, 8, 8, 1]","[1, 1, 1, 2, 2, 1, 1, 1, 3, 3, 4]","[1, 1, 1, 2, 4, 2, 1, 3, 3, 1, 1]","9","5","5","0.6654906272888184","0.0732264518737793"
"17","25","28","10","True","True","25","28","10","True","True","25","28","10","True","True","0.0","0.0","3","3","3","12","12","12","[1, 1, 1, 2, 2, 3, 6, 6, 6, 1]","[1, 1, 1, 2, 2, 3, 6, 6, 6, 1]","[1, 1, 1, 2, 2, 3, 6, 6, 6, 1]","3","3","3","0.0010066032409667969","0.0011751651763916016"
"18","25","27","10","True","True","25","27","10","True","True","25","27","10","True","True","0.0","0.0","3","3","3","11","11","11","[1, 1, 1, 1, 3, 3, 6, 6, 3, 3]","[1, 1, 1, 1, 3, 3, 6, 6, 3, 3]","[1, 1, 1, 1, 3, 3, 6, 6, 3, 3]","3","3","3","0.0010104179382324219","0.0009949207305908203"
"19","25","27","10","True","True","25","27","10","True","True","25","27","10","True","True","0.0","0.0","3","3","3","11","11","11","[1, 2, 2, 2, 3, 3, 3, 1, 1, 1]","[1, 2, 2, 2, 3, 3, 3, 1, 1, 1]","[1, 2, 2, 2, 3, 3, 3, 1, 1, 1]","3","3","3","0.0012440681457519531","0.0010046958923339844"
"20","25","27","10","True","True","25","27","10","True","True","25","27","10","True","True","0.0","0.0","3","3","3","11","11","11","[1, 1, 1, 1, 1, 2, 2, 3, 3, 3]","[1, 1, 1, 1, 1, 2, 2, 3, 3, 3]","[1, 1, 1, 1, 1, 2, 2, 3, 3, 3]","3","3","3","0.0010061264038085938","0.0009984970092773438"
"21","38","46","10","True","False","28","33","9","False","True","32","36","10","True","True","0.07183699941966093","0.1336792957472761","9","2","4","18","13","13","[1, 1, 1, 1, 1, 3, 8, 3, 7, 7]","[1, 1, 1, 1, 1, 1, 1, 5, 5]","[1, 1, 1, 1, 1, 1, 3, 1, 3, 3]","9","3","4","0.6609997749328613","0.06725215911865234"
"22","38","46","10","True","False","30","35","11","True","True","34","40","11","True","True","0.044018920224384916","0.10753466683571411","9","4","6","18","14","16","[1, 1, 3, 8, 5, 5, 5, 5, 16, 3]","[1, 1, 2, 1, 1, 1, 1, 2, 2, 3, 4]","[1, 1, 1, 3, 1, 1, 1, 1, 4, 1, 2]","9","4","6","0.7871582508087158","0.06357979774475098"
"23","38","46","10","True","False","28","31","10","False","True","32","35","10","True","True","0.08088054846078152","0.14701056969553505","9","2","4","18","11","12","[1, 5, 1, 2, 3, 10, 10, 2, 2, 1]","[1, 1, 1, 1, 2, 2, 2, 2, 5, 5]","[1, 2, 1, 1, 1, 4, 4, 1, 1, 1]","9","3","4","0.8287296295166016","0.06663632392883301"
"24","25","27","10","True","True","25","27","10","True","True","25","27","10","True","True","0.0","0.0","3","3","3","11","11","11","[1, 1, 1, 6, 6, 3, 3, 1, 1, 1]","[1, 1, 1, 6, 6, 3, 3, 1, 1, 1]","[1, 1, 1, 6, 6, 3, 3, 1, 1, 1]","3","3","3","0.00115966796875","0.0"
"25","32","40","10","True","False","31","39","10","True","False","31","39","10","True","False","0.013435656625464087","0.013435656625464087","5","5","5","16","15","15","[1, 1, 3, 4, 4, 4, 4, 4, 9, 9]","[1, 1, 3, 4, 4, 4, 4, 4, 9, 9]","[1, 1, 3, 4, 4, 4, 4, 4, 9, 9]","5","5","5","0.2046053409576416","0.01667618751525879"
"26","25","27","10","True","True","25","27","10","True","True","25","27","10","True","True","0.0","0.0","3","3","3","11","11","11","[1, 2, 2, 2, 4, 5, 5, 5, 5, 1]","[1, 2, 2, 2, 4, 5, 5, 5, 5, 1]","[1, 2, 2, 2, 4, 5, 5, 5, 5, 1]","3","3","3","0.0009975433349609375","0.0009999275207519531"
"27","25","28","10","True","True","25","28","10","True","True","25","28","10","True","True","0.0","0.0","3","3","3","12","12","12","[1, 1, 2, 2, 3, 3, 2, 2, 2, 1]","[1, 1, 2, 2, 3, 3, 2, 2, 2, 1]","[1, 1, 2, 2, 3, 3, 2, 2, 2, 1]","3","3","3","0.0009982585906982422","0.0010139942169189453"
"28","25","28","10","True","True","25","28","10","True","True","25","28","10","True","True","0.0","0.0","3","3","3","12","12","12","[1, 1, 1, 3, 3, 2, 5, 5, 5, 5]","[1, 1, 1, 3, 3, 2, 5, 5, 5, 5]","[1, 1, 1, 3, 3, 2, 5, 5, 5, 5]","3","3","3","0.000997304916381836","0.0009996891021728516"
"29","25","28","10","True","True","25","28","10","True","True","25","28","10","True","True","0.0","0.0","3","3","3","12","12","12","[2, 2, 2, 2, 4, 4, 4, 4, 4, 1]","[2, 2, 2, 2, 4, 4, 4, 4, 4, 1]","[2, 2, 2, 2, 4, 4, 4, 4, 4, 1]","3","3","3","0.0010013580322265625","0.0019965171813964844"
"30","25","27","10","True","True","25","27","10","True","True","25","27","10","True","True","0.0","0.0","3","3","3","11","11","11","[1, 1, 2, 2, 2, 2, 1, 3, 3, 3]","[1, 1, 2, 2, 2, 2, 1, 3, 3, 3]","[1, 1, 2, 2, 2, 2, 1, 3, 3, 3]","3","3","3","0.0009989738464355469","0.0010001659393310547"
"31","30","37","10","True","True","30","37","10","True","True","30","37","10","True","True","0.0","0.0","3","3","3","15","15","15","[1, 2, 2, 4, 4, 2, 2, 2, 1, 1]","[1, 2, 2, 4, 4, 2, 2, 2, 1, 1]","[1, 2, 2, 4, 4, 2, 2, 2, 1, 1]","3","3","3","0.0020017623901367188","0.0009944438934326172"
"32","25","27","10","True","True","25","27","10","True","True","25","27","10","True","True","0.0","0.0","3","3","3","11","11","11","[1, 1, 2, 2, 4, 5, 5, 5, 2, 2]","[1, 1, 2, 2, 4, 5, 5, 5, 2, 2]","[1, 1, 2, 2, 4, 5, 5, 5, 2, 2]","3","3","3","0.0011246204376220703","0.001003265380859375"
"33","25","28","10","True","True","25","28","10","True","True","25","28","10","True","True","0.0","0.0","3","3","3","12","12","12","[1, 1, 1, 1, 3, 3, 6, 6, 3, 3]","[1, 1, 1, 1, 3, 3, 6, 6, 3, 3]","[1, 1, 1, 1, 3, 3, 6, 6, 3, 3]","3","3","3","0.0010051727294921875","0.0010008811950683594"
"34","30","38","10","True","True","30","38","10","True","True","30","38","10","True","True","0.0","0.0","3","3","3","16","16","16","[1, 1, 1, 1, 2, 2, 4, 4, 4, 4]","[1, 1, 1, 1, 2, 2, 4, 4, 4, 4]","[1, 1, 1, 1, 2, 2, 4, 4, 4, 4]","3","3","3","0.0009982585906982422","0.00099945068359375"
"35","25","27","10","True","True","25","27","10","True","True","25","27","10","True","True","0.0","0.0","3","3","3","11","11","11","[1, 1, 2, 4, 5, 5, 4, 1, 1, 1]","[1, 1, 2, 4, 5, 5, 4, 1, 1, 1]","[1, 1, 2, 4, 5, 5, 4, 1, 1, 1]","3","3","3","0.0009987354278564453","0.0009992122650146484"
"36","25","28","10","True","True","25","28","10","True","True","25","28","10","True","True","0.0","0.0","3","3","3","12","12","12","[2, 2, 2, 2, 4, 4, 4, 4, 1, 1]","[2, 2, 2, 2, 4, 4, 4, 4, 1, 1]","[2, 2, 2, 2, 4, 4, 4, 4, 1, 1]","3","3","3","0.0009984970092773438","0.0010056495666503906"
"37","32","40","10","True","False","31","39","10","True","False","31","39","10","True","False","0.01170194183985307","0.01170194183985307","5","5","5","16","15","15","[1, 1, 2, 3, 3, 9, 2, 2, 2, 2]","[1, 1, 2, 3, 3, 9, 2, 2, 2, 2]","[1, 1, 2, 3, 3, 9, 2, 2, 2, 2]","5","5","5","0.30272769927978516","0.03925442695617676"
"38","25","28","10","True","True","25","28","10","True","True","25","28","10","True","True","0.0","0.0","3","3","3","12","12","12","[1, 3, 4, 4, 2, 1, 1, 1, 1, 1]","[1, 3, 4, 4, 2, 1, 1, 1, 1, 1]","[1, 3, 4, 4, 2, 1, 1, 1, 1, 1]","3","3","3","0.002000093460083008","0.0009984970092773438"
"39","38","46","10","True","False","26","27","10","True","True","34","40","10","True","True","0.041917249679431445","0.1663442257028035","9","1","6","18","10","15","[1, 2, 3, 3, 2, 8, 2, 2, 2, 10]","[1, 1, 1, 1, 1, 1, 1, 1, 2, 2]","[1, 1, 1, 1, 1, 4, 1, 1, 1, 4]","9","1","6","0.9146294593811035","0.06610941886901855"
"40","30","38","10","True","True","30","38","10","True","True","30","38","10","True","True","0.0","0.0","3","3","3","16","16","16","[1, 1, 1, 2, 2, 6, 6, 6, 6, 3]","[1, 1, 1, 2, 2, 6, 6, 6, 6, 3]","[1, 1, 1, 2, 2, 6, 6, 6, 6, 3]","3","3","3","0.000997304916381836","0.0010023117065429688"
"41","25","28","10","True","True","25","28","10","True","True","25","28","10","True","True","0.0","0.0","3","3","3","12","12","12","[1, 1, 1, 3, 3, 3, 2, 2, 2, 2]","[1, 1, 1, 3, 3, 3, 2, 2, 2, 2]","[1, 1, 1, 3, 3, 3, 2, 2, 2, 2]","3","3","3","0.0010037422180175781","0.0009982585906982422"
"42","25","28","10","True","True","25","28","10","True","True","25","28","10","True","True","0.0","0.0","3","3","3","12","12","12","[1, 1, 1, 2, 3, 4, 4, 4, 1, 1]","[1, 1, 1, 2, 3, 4, 4, 4, 1, 1]","[1, 1, 1, 2, 3, 4, 4, 4, 1, 1]","3","3","3","0.0020017623901367188","0.0019989013671875"
"43","25","28","10","True","True","25","28","10","True","True","25","28","10","True","True","0.0","0.0","3","3","3","12","12","12","[1, 3, 3, 3, 3, 3, 4, 4, 1, 1]","[1, 3, 3, 3, 3, 3, 4, 4, 1, 1]","[1, 3, 3, 3, 3, 3, 4, 4, 1, 1]","3","3","3","0.0022258758544921875","0.0009908676147460938"
"44","38","46","10","True","False","28","32","10","True","True","34","40","11","True","True","0.045612220111440616","0.13561989290907328","9","3","6","18","12","16","[1, 2, 12, 5, 4, 1, 1, 1, 1, 1]","[1, 1, 2, 2, 2, 2, 2, 2, 4, 6]","[1, 1, 5, 2, 4, 1, 1, 1, 1, 1, 1]","9","3","6","1.7495882511138916","0.06243538856506348"
"45","25","28","10","True","True","25","28","10","True","True","25","28","10","True","True","0.0","0.0","3","3","3","12","12","12","[1, 1, 1, 3, 3, 2, 2, 2, 2, 2]","[1, 1, 1, 3, 3, 2, 2, 2, 2, 2]","[1, 1, 1, 3, 3, 2, 2, 2, 2, 2]","3","3","3","0.0009999275207519531","0.0010001659393310547"
"46","38","46","10","True","False","28","30","11","True","True","32","36","11","True","True","0.07286832167414536","0.13480055563057847","9","2","4","18","12","14","[1, 8, 8, 1, 7, 1, 2, 4, 4, 4]","[1, 1, 1, 1, 1, 1, 1, 1, 2, 4, 4]","[1, 4, 4, 1, 2, 1, 1, 1, 1, 1, 1]","9","2","4","0.7669603824615479","0.06110048294067383"
"47","25","28","10","True","True","25","28","10","True","True","25","28","10","True","True","0.0","0.0","3","3","3","12","12","12","[1, 1, 2, 2, 2, 4, 4, 4, 1, 1]","[1, 1, 2, 2, 2, 4, 4, 4, 1, 1]","[1, 1, 2, 2, 2, 4, 4, 4, 1, 1]","3","3","3","0.0010004043579101562","0.0"
"48","25","28","10","True","True","25","28","10","True","True","25","28","10","True","True","0.0","0.0","3","3","3","12","12","12","[1, 1, 2, 2, 2, 3, 4, 4, 4, 1]","[1, 1, 2, 2, 2, 3, 4, 4, 4, 1]","[1, 1, 2, 2, 2, 3, 4, 4, 4, 1]","3","3","3","0.0009992122650146484","0.0010008811950683594"
"49","25","27","10","True","True","25","27","10","True","True","25","27","10","True","True","0.0","0.0","3","3","3","11","11","11","[1, 1, 2, 3, 3, 3, 2, 2, 2, 2]","[1, 1, 2, 3, 3, 3, 2, 2, 2, 2]","[1, 1, 2, 3, 3, 3, 2, 2, 2, 2]","3","3","3","0.0","0.0009999275207519531"
"50","32","40","10","True","False","31","39","10","True","False","31","39","10","True","False","0.01170194183985307","0.01170194183985307","5","5","5","16","15","15","[1, 1, 2, 9, 2, 1, 2, 4, 4, 4]","[1, 1, 2, 9, 2, 1, 2, 4, 4, 4]","[1, 1, 2, 9, 2, 1, 2, 4, 4, 4]","5","5","5","0.22675085067749023","0.030013084411621094"
"51","30","37","10","True","True","30","37","10","True","True","30","37","10","True","True","0.0","0.0","3","3","3","15","15","15","[1, 1, 1, 1, 1, 3, 4, 4, 4, 4]","[1, 1, 1, 1, 1, 3, 4, 4, 4, 4]","[1, 1, 1, 1, 1, 3, 4, 4, 4, 4]","3","3","3","0.0009999275207519531","0.0011677742004394531"
"52","38","46","10","True","False","34","38","11","True","False","34","38","11","True","False","0.05750179965986557","0.05750179965986557","9","5","5","18","14","14","[1, 14, 14, 1, 3, 3, 6, 6, 6, 23]","[1, 1, 3, 3, 6, 1, 6, 6, 12, 12, 18]","[1, 12, 12, 1, 3, 3, 6, 6, 6, 18, 1]","9","5","5","0.6617724895477295","0.06115293502807617"
"53","25","28","10","True","True","25","28","10","True","True","25","28","10","True","True","0.0","0.0","3","3","3","12","12","12","[1, 1, 3, 3, 3, 2, 2, 1, 1, 1]","[1, 1, 3, 3, 3, 2, 2, 1, 1, 1]","[1, 1, 3, 3, 3, 2, 2, 1, 1, 1]","3","3","3","0.0010001659393310547","0.001001596450805664"
"54","25","28","10","True","True","25","28","10","True","True","25","28","10","True","True","0.0","0.0","3","3","3","12","12","12","[1, 2, 2, 2, 2, 4, 8, 8, 4, 4]","[1, 2, 2, 2, 2, 4, 8, 8, 4, 4]","[1, 2, 2, 2, 2, 4, 8, 8, 4, 4]","3","3","3","0.0009999275207519531","0.0"
"55","32","40","10","True","False","31","40","10","True","False","31","40","10","True","False","0.0","0.0","5","5","5","16","16","16","[1, 1, 2, 2, 2, 5, 5, 15, 2, 2]","[1, 1, 2, 2, 2, 5, 5, 15, 2, 2]","[1, 1, 2, 2, 2, 5, 5, 15, 2, 2]","5","5","5","0.2798032760620117","0.02051854133605957"
"56","25","28","10","True","True","25","28","10","True","True","25","28","10","True","True","0.0","0.0","3","3","3","12","12","12","[2, 4, 4, 2, 2, 2, 2, 1, 1, 1]","[2, 4, 4, 2, 2, 2, 2, 1, 1, 1]","[2, 4, 4, 2, 2, 2, 2, 1, 1, 1]","3","3","3","0.0010008811950683594","0.0009984970092773438"
"57","38","46","10","True","False","30","35","10","True","True","32","36","10","True","True","0.07070140399966718","0.1049984227623405","9","3","4","18","12","13","[1, 1, 1, 3, 4, 4, 12, 17, 4, 1]","[1, 1, 1, 2, 2, 2, 3, 3, 5, 8]","[1, 1, 1, 1, 1, 1, 3, 5, 1, 1]","9","3","4","0.7348639965057373","0.07812809944152832"
"58","25","27","10","True","True","25","27","10","True","True","25","27","10","True","True","0.0","0.0","3","3","3","11","11","11","[1, 1, 1, 3, 3, 4, 4, 4, 2, 1]","[1, 1, 1, 3, 3, 4, 4, 4, 2, 1]","[1, 1, 1, 3, 3, 4, 4, 4, 2, 1]","3","3","3","0.0009989738464355469","0.0010085105895996094"
"59","25","28","10","True","True","25","28","10","True","True","25","28","10","True","True","0.0","0.0","3","3","3","12","12","12","[1, 1, 4, 4, 4, 1, 1, 1, 1, 1]","[1, 1, 4, 4, 4, 1, 1, 1, 1, 1]","[1, 1, 4, 4, 4, 1, 1, 1, 1, 1]","3","3","3","0.00099945068359375","0.001007080078125"
"60","38","46","10","True","False","31","37","10","False","True","33","38","10","True","True","0.05539367261320105","0.0881186938158649","9","4","5","18","14","14","[1, 1, 9, 2, 4, 4, 13, 4, 4, 3]","[1, 1, 2, 4, 4, 4, 4, 4, 7, 10]","[1, 1, 6, 2, 3, 3, 9, 3, 3, 3]","9","5","5","0.3705902099609375","0.27757763862609863"
"61","25","27","10","True","True","25","27","10","True","True","25","27","10","True","True","0.0","0.0","3","3","3","11","11","11","[1, 1, 1, 1, 1, 2, 6, 6, 1, 1]","[1, 1, 1, 1, 1, 2, 6, 6, 1, 1]","[1, 1, 1, 1, 1, 2, 6, 6, 1, 1]","3","3","3","0.002009153366088867","0.0"
"62","30","38","10","True","True","30","38","10","True","True","30","38","10","True","True","0.0","0.0","3","3","3","16","16","16","[1, 1, 1, 1, 2, 4, 4, 1, 1, 1]","[1, 1, 1, 1, 2, 4, 4, 1, 1, 1]","[1, 1, 1, 1, 2, 4, 4, 1, 1, 1]","3","3","3","0.0020003318786621094","0.0010004043579101562"
"63","32","40","10","True","False","31","40","10","True","False","31","40","10","True","False","0.0","0.0","5","5","5","16","16","16","[1, 2, 4, 12, 4, 3, 1, 1, 1, 1]","[1, 2, 4, 12, 4, 3, 1, 1, 1, 1]","[1, 2, 4, 12, 4, 3, 1, 1, 1, 1]","5","5","5","0.2629249095916748","0.016393184661865234"
"64","25","27","10","True","True","25","27","10","True","True","25","27","10","True","True","0.0","0.0","3","3","3","11","11","11","[1, 1, 1, 3, 3, 3, 3, 1, 1, 1]","[1, 1, 1, 3, 3, 3, 3, 1, 1, 1]","[1, 1, 1, 3, 3, 3, 3, 1, 1, 1]","3","3","3","0.0010004043579101562","0.0010006427764892578"
"65","25","28","10","True","True","25","28","10","True","True","25","28","10","True","True","0.0","0.0","3","3","3","12","12","12","[1, 1, 1, 3, 3, 6, 6, 6, 2, 1]","[1, 1, 1, 3, 3, 6, 6, 6, 2, 1]","[1, 1, 1, 3, 3, 6, 6, 6, 2, 1]","3","3","3","0.0009992122650146484","0.00099945068359375"
"66","25","27","10","True","True","25","27","10","True","True","25","27","10","True","True","0.0","0.0","3","3","3","11","11","11","[1, 1, 1, 1, 2, 4, 4, 4, 2, 1]","[1, 1, 1, 1, 2, 4, 4, 4, 2, 1]","[1, 1, 1, 1, 2, 4, 4, 4, 2, 1]","3","3","3","0.0011467933654785156","0.0010035037994384766"
"67","30","37","10","True","True","30","37","10","True","True","30","37","10","True","True","0.0","0.0","3","3","3","15","15","15","[1, 1, 1, 2, 3, 4, 4, 4, 4, 1]","[1, 1, 1, 2, 3, 4, 4, 4, 4, 1]","[1, 1, 1, 2, 3, 4, 4, 4, 4, 1]","3","3","3","0.0009908676147460938","0.0010018348693847656"
"68","25","28","10","True","True","25","28","10","True","True","25","28","10","True","True","0.0","0.0","3","3","3","12","12","12","[2, 2, 2, 6, 6, 6, 2, 2, 2, 1]","[2, 2, 2, 6, 6, 6, 2, 2, 2, 1]","[2, 2, 2, 6, 6, 6, 2, 2, 2, 1]","3","3","3","0.0010004043579101562","0.0"
"69","25","27","10","True","True","25","27","10","True","True","25","27","10","True","True","0.0","0.0","3","3","3","11","11","11","[1, 1, 1, 3, 5, 5, 5, 2, 1, 1]","[1, 1, 1, 3, 5, 5, 5, 2, 1, 1]","[1, 1, 1, 3, 5, 5, 5, 2, 1, 1]","3","3","3","0.0009987354278564453","0.00099945068359375"
"70","25","28","10","True","True","25","28","10","True","True","25","28","10","True","True","0.0","0.0","3","3","3","12","12","12","[1, 1, 1, 1, 1, 1, 4, 4, 4, 4]","[1, 1, 1, 1, 1, 1, 4, 4, 4, 4]","[1, 1, 1, 1, 1, 1, 4, 4, 4, 4]","3","3","3","0.0010030269622802734","0.0"
"71","38","46","10","True","False","28","32","10","True","True","36","44","10","True","False","0.012903977681324341","0.13261749127560163","9","4","8","18","13","17","[1, 4, 2, 7, 7, 3, 3, 2, 1, 1]","[1, 1, 1, 2, 2, 3, 3, 4, 6, 6]","[1, 4, 2, 6, 6, 3, 3, 2, 1, 1]","9","4","8","12.607274770736694","0.07444262504577637"
"72","25","28","10","True","True","25","28","10","True","True","25","28","10","True","True","0.0","0.0","3","3","3","12","12","12","[1, 2, 3, 3, 3, 5, 5, 2, 2, 2]","[1, 2, 3, 3, 3, 5, 5, 2, 2, 2]","[1, 2, 3, 3, 3, 5, 5, 2, 2, 2]","3","3","3","0.0009996891021728516","0.0"
"73","25","28","10","True","True","25","28","10","True","True","25","28","10","True","True","0.0","0.0","3","3","3","12","12","12","[1, 1, 1, 1, 2, 3, 4, 4, 2, 2]","[1, 1, 1, 1, 2, 3, 4, 4, 2, 2]","[1, 1, 1, 1, 2, 3, 4, 4, 2, 2]","3","3","3","0.0011222362518310547","0.0010025501251220703"
"74","38","46","10","True","False","34","40","10","True","True","34","40","10","True","True","0.04081707618217245","0.04081707618217245","9","6","6","18","15","15","[1, 3, 6, 16, 16, 6, 3, 3, 26, 1]","[1, 3, 1, 3, 3, 6, 6, 15, 15, 21]","[1, 3, 6, 15, 15, 6, 3, 3, 21, 1]","9","6","6","0.6369366645812988","0.0743246078491211"
"75","25","28","10","True","True","25","28","10","True","True","25","28","10","True","True","0.0","0.0","3","3","3","12","12","12","[1, 1, 1, 3, 3, 5, 5, 5, 5, 2]","[1, 1, 1, 3, 3, 5, 5, 5, 5, 2]","[1, 1, 1, 3, 3, 5, 5, 5, 5, 2]","3","3","3","0.000997304916381836","0.0010020732879638672"
"76","38","46","10","True","False","32","37","12","False","True","34","38","12","True","True","0.044405275509845854","0.07745394727073496","9","3","4","18","15","15","[1, 1, 3, 4, 4, 4, 10, 11, 3, 2]","[1, 1, 3, 3, 2, 2, 1, 7, 7, 7, 14, 14]","[1, 1, 3, 3, 3, 3, 6, 6, 3, 2, 2, 1]","9","3","4","0.716151237487793","0.11102557182312012"
"77","25","28","10","True","True","25","28","10","True","True","25","28","10","True","True","0.0","0.0","3","3","3","12","12","12","[1, 1, 2, 6, 6, 3, 3, 3, 3, 3]","[1, 1, 2, 6, 6, 3, 3, 3, 3, 3]","[1, 1, 2, 6, 6, 3, 3, 3, 3, 3]","3","3","3","0.0009999275207519531","0.0010044574737548828"
"78","25","28","10","True","True","25","28","10","True","True","25","28","10","True","True","0.0","0.0","3","3","3","12","12","12","[1, 2, 3, 3, 3, 4, 4, 4, 3, 1]","[1, 2, 3, 3, 3, 4, 4, 4, 3, 1]","[1, 2, 3, 3, 3, 4, 4, 4, 3, 1]","3","3","3","0.0011165142059326172","0.0011031627655029297"
"79","25","27","10","True","True","25","27","10","True","True","25","27","10","True","True","0.0","0.0","3","3","3","11","11","11","[1, 1, 2, 2, 1, 2, 2, 2, 2, 2]","[1, 1, 2, 2, 1, 2, 2, 2, 2, 2]","[1, 1, 2, 2, 1, 2, 2, 2, 2, 2]","3","3","3","0.0010051727294921875","0.0009887218475341797"
"80","25","27","10","True","True","25","27","10","True","True","25","27","10","True","True","0.0","0.0","3","3","3","11","11","11","[1, 1, 2, 2, 2, 2, 5, 5, 1, 1]","[1, 1, 2, 2, 2, 2, 5, 5, 1, 1]","[1, 1, 2, 2, 2, 2, 5, 5, 1, 1]","3","3","3","0.0010008811950683594","0.00099945068359375"
"81","25","27","10","True","True","25","27","10","True","True","25","27","10","True","True","0.0","0.0","3","3","3","11","11","11","[1, 2, 3, 6, 6, 3, 2, 1, 1, 1]","[1, 2, 3, 6, 6, 3, 2, 1, 1, 1]","[1, 2, 3, 6, 6, 3, 2, 1, 1, 1]","3","3","3","0.002001047134399414","0.0020079612731933594"
"82","38","46","10","True","False","29","34","10","True","True","33","38","10","True","True","0.05539367261320105","0.12164938662473912","9","3","5","18","12","14","[1, 1, 1, 2, 9, 5, 13, 2, 1, 1]","[1, 1, 1, 1, 1, 3, 3, 2, 4, 6]","[1, 1, 1, 1, 4, 2, 5, 1, 1, 1]","9","3","5","0.6871700286865234","0.05989480018615723"
"83","25","27","10","True","True","25","27","10","True","True","25","27","10","True","True","0.0","0.0","3","3","3","11","11","11","[1, 1, 1, 3, 3, 4, 4, 1, 1, 1]","[1, 1, 1, 3, 3, 4, 4, 1, 1, 1]","[1, 1, 1, 3, 3, 4, 4, 1, 1, 1]","3","3","3","0.0010001659393310547","0.0"
"84","38","46","10","True","False","29","34","10","True","True","35","42","10","True","False","0.02706228890395479","0.12092870888171225","9","4","7","18","13","16","[1, 1, 1, 1, 2, 3, 7, 4, 4, 8]","[1, 1, 2, 2, 2, 2, 3, 3, 5, 7]","[1, 1, 1, 1, 2, 2, 5, 3, 3, 7]","9","4","7","10.907065391540527","0.07629704475402832"
"85","25","27","10","True","True","25","27","10","True","True","25","27","10","True","True","0.0","0.0","3","3","3","11","11","11","[1, 1, 1, 1, 3, 3, 4, 4, 1, 1]","[1, 1, 1, 1, 3, 3, 4, 4, 1, 1]","[1, 1, 1, 1, 3, 3, 4, 4, 1, 1]","3","3","3","0.0010001659393310547","0.0010001659393310547"
"86","30","38","10","True","True","30","38","10","True","True","30","38","10","True","True","0.0","0.0","3","3","3","16","16","16","[1, 2, 2, 2, 4, 6, 6, 6, 2, 1]","[1, 2, 2, 2, 4, 6, 6, 6, 2, 1]","[1, 2, 2, 2, 4, 6, 6, 6, 2, 1]","3","3","3","0.0011646747589111328","0.0010027885437011719"
"87","32","40","10","True","False","31","39","10","True","False","31","39","10","True","False","0.01170194183985307","0.01170194183985307","5","5","5","16","15","15","[1, 1, 2, 2, 8, 8, 8, 6, 6, 1]","[1, 1, 2, 2, 8, 8, 8, 6, 6, 1]","[1, 1, 2, 2, 8, 8, 8, 6, 6, 1]","5","5","5","0.2348933219909668","0.017351865768432617"
"88","25","27","10","True","True","25","27","10","True","True","25","27","10","True","True","0.0","0.0","3","3","3","11","11","11","[1, 1, 2, 2, 4, 4, 4, 2, 2, 1]","[1, 1, 2, 2, 4, 4, 4, 2, 2, 1]","[1, 1, 2, 2, 4, 4, 4, 2, 2, 1]","3","3","3","0.0009949207305908203","0.0009987354278564453"
"89","38","46","10","True","False","27","29","10","True","True","35","42","10","True","False","0.027542636376090224","0.14986311830176524","9","1","6","18","12","17","[1, 2, 2, 7, 2, 1, 7, 7, 3, 1]","[1, 1, 1, 1, 1, 1, 1, 2, 2, 2]","[1, 1, 1, 4, 1, 1, 4, 4, 1, 1]","9","1","6","9.331658363342285","0.07846927642822266"
"90","25","28","10","True","True","25","28","10","True","True","25","28","10","True","True","0.0","0.0","3","3","3","12","12","12","[1, 1, 3, 3, 3, 2, 2, 2, 2, 2]","[1, 1, 3, 3, 3, 2, 2, 2, 2, 2]","[1, 1, 3, 3, 3, 2, 2, 2, 2, 2]","3","3","3","0.001001596450805664","0.0009982585906982422"
"91","25","28","10","True","True","25","28","10","True","True","25","28","10","True","True","0.0","0.0","3","3","3","12","12","12","[1, 1, 1, 1, 2, 5, 5, 1, 1, 1]","[1, 1, 1, 1, 2, 5, 5, 1, 1, 1]","[1, 1, 1, 1, 2, 5, 5, 1, 1, 1]","3","3","3","0.0010004043579101562","0.0010006427764892578"
"92","25","27","10","True","True","25","27","10","True","True","25","27","10","True","True","0.0","0.0","3","3","3","11","11","11","[1, 1, 2, 2, 2, 1, 5, 5, 5, 1]","[1, 1, 2, 2, 2, 1, 5, 5, 5, 1]","[1, 1, 2, 2, 2, 1, 5, 5, 5, 1]","3","3","3","0.0010013580322265625","0.0010030269622802734"
"93","25","27","10","True","True","25","27","10","True","True","25","27","10","True","True","0.0","0.0","3","3","3","11","11","11","[1, 1, 1, 2, 3, 3, 1, 2, 2, 2]","[1, 1, 1, 2, 3, 3, 1, 2, 2, 2]","[1, 1, 1, 2, 3, 3, 1, 2, 2, 2]","3","3","3","0.0009922981262207031","0.00099945068359375"
"94","25","28","10","True","True","25","28","10","True","True","25","28","10","True","True","0.0","0.0","3","3","3","12","12","12","[1, 1, 1, 1, 5, 5, 2, 2, 1, 1]","[1, 1, 1, 1, 5, 5, 2, 2, 1, 1]","[1, 1, 1, 1, 5, 5, 2, 2, 1, 1]","3","3","3","0.0010030269622802734","0.0009951591491699219"
"95","25","28","10","True","True","25","28","10","True","True","25","28","10","True","True","0.0","0.0","3","3","3","12","12","12","[1, 2, 2, 3, 3, 2, 3, 3, 3, 3]","[1, 2, 2, 3, 3, 2, 3, 3, 3, 3]","[1, 2, 2, 3, 3, 2, 3, 3, 3, 3]","3","3","3","0.0009992122650146484","0.0010004043579101562"
"96","32","40","10","True","False","31","39","10","True","False","31","39","10","True","False","0.013435656625464087","0.013435656625464087","5","5","5","16","15","15","[1, 1, 2, 12, 4, 6, 6, 6, 2, 2]","[1, 1, 2, 12, 4, 6, 6, 6, 2, 2]","[1, 1, 2, 12, 4, 6, 6, 6, 2, 2]","5","5","5","0.639167308807373","0.015374183654785156"
"97","25","27","10","True","True","25","27","10","True","True","25","27","10","True","True","0.0","0.0","3","3","3","11","11","11","[1, 3, 3, 2, 2, 1, 1, 2, 2, 2]","[1, 3, 3, 2, 2, 1, 1, 2, 2, 2]","[1, 3, 3, 2, 2, 1, 1, 2, 2, 2]","3","3","3","0.0009996891021728516","0.0010013580322265625"
"98","38","46","10","True","False","30","35","10","False","True","34","39","10","True","True","0.05326675070955189","0.11524148004242196","9","4","6","18","13","14","[1, 1, 2, 4, 5, 11, 2, 2, 7, 1]","[1, 1, 2, 1, 3, 3, 5, 5, 5, 13]","[1, 1, 2, 4, 4, 10, 2, 2, 4, 1]","9","5","6","0.5552542209625244","0.10074353218078613"
"99","25","28","10","True","True","25","28","10","True","True","25","28","10","True","True","0.0","0.0","3","3","3","12","12","12","[1, 1, 2, 2, 4, 4, 2, 2, 2, 1]","[1, 1, 2, 2, 4, 4, 2, 2, 2, 1]","[1, 1, 2, 2, 4, 4, 2, 2, 2, 1]","3","3","3","0.001001119613647461","0.0019996166229248047"
