"NETWORK NUMBER","V(N)","A(N)","L(N)","isBinary","isTreeBased","V(PN)","A(PN)","L(PN)","isBinary","isTreeBased","V(FN)","A(FN)","L(FN)","isBinary","isTreeBased","Measure1 FOLD","Measure1 PP","Measure2 FOLD","Measure2 PP","Measure3 FOLD","Measure3 PP"
"0","25","29","10","True","True","25","29","10","True","True","25","29","10","True","True","0.0","0.0","0.0","0.0","0.0","0.0"
"1","25","28","10","True","True","25","28","10","True","True","25","28","10","True","True","0.0","0.0","0.0","0.0","0.0","0.0"
"2","25","28","10","True","True","25","28","10","True","True","25","28","10","True","True","0.0","0.0","0.0","0.0","0.0","0.0"
"3","25","29","10","True","True","25","29","10","True","True","25","29","10","True","True","0.0","0.0","0.0","0.0","0.0","0.0"
"4","25","28","10","True","True","25","28","10","True","True","25","28","10","True","True","0.0","0.0","0.0","0.0","0.0","0.0"
"5","25","29","10","True","True","25","29","10","True","True","25","29","10","True","True","0.0","0.0","0.0","0.0","0.0","0.0"
"6","25","28","10","True","True","25","28","10","True","True","25","28","10","True","True","0.0","0.0","0.0","0.0","0.0","0.0"
"7","25","28","10","True","True","25","28","10","True","True","25","28","10","True","True","0.0","0.0","0.0","0.0","0.0","0.0"
"8","38","47","10","True","False","29","33","10","True","True","37","45","10","True","False","0.012839911683385496","0.13365986906283633","0.4042553191489362","0.23684210526315785","0.6857142857142857","0.9333333333333333"
"9","25","29","10","True","True","25","29","10","True","True","25","29","10","True","True","0.0","0.0","0.0","0.0","0.0","0.0"
"10","38","47","10","True","False","29","33","10","True","True","37","45","10","True","True","0.014375191202048665","0.13365986906283633","0.4042553191489362","0.23684210526315785","0.6857142857142857","0.961038961038961"
"11","30","39","10","True","True","30","39","10","True","True","30","39","10","True","True","0.0","0.0","0.0","0.0","0.0","0.0"
"12","25","29","10","True","True","25","29","10","True","True","25","29","10","True","True","0.0","0.0","0.0","0.0","0.0","0.0"
"13","38","47","10","True","False","29","33","10","True","True","37","45","10","True","False","0.014375191202048665","0.13365986906283633","0.4042553191489362","0.23684210526315785","0.6666666666666667","0.961038961038961"
"14","25","29","10","True","True","25","29","10","True","True","25","29","10","True","True","0.0","0.0","0.0","0.0","0.0","0.0"
"15","25","28","10","True","True","25","28","10","True","True","25","28","10","True","True","0.0","0.0","0.0","0.0","0.0","0.0"
"16","32","41","10","True","False","25","27","10","True","True","33","40","10","True","True","0.0027764783297151707","0.15172516053049545","0.33333333333333337","0.21875","0.631578947368421","0.9846153846153847"
"17","38","47","10","True","False","27","30","10","True","True","37","46","10","True","True","0.002469421316691589","0.16614302056001373","0.4042553191489362","0.2894736842105263","0.6857142857142857","0.9733333333333334"
"18","30","39","10","True","True","30","39","10","True","True","30","39","10","True","True","0.0","0.0","0.0","0.0","0.0","0.0"
"19","25","28","10","True","True","25","28","10","True","True","25","28","10","True","True","0.0","0.0","0.0","0.0","0.0","0.0"
"20","38","47","10","True","False","27","30","10","True","True","37","46","10","True","False","0.002469421316691589","0.16614302056001373","0.4042553191489362","0.2894736842105263","0.6666666666666667","0.9868421052631579"
"21","25","28","10","True","True","25","28","10","True","True","25","28","10","True","True","0.0","0.0","0.0","0.0","0.0","0.0"
"22","25","28","10","True","True","25","28","10","True","True","25","28","10","True","True","0.0","0.0","0.0","0.0","0.0","0.0"
"23","25","29","10","True","True","25","29","10","True","True","25","29","10","True","True","0.0","0.0","0.0","0.0","0.0","0.0"
"24","38","47","10","True","False","27","30","10","True","False","37","46","10","True","False","0.002469421316691589","0.16614302056001373","0.4042553191489362","0.2894736842105263","0.6666666666666667","0.9"
"25","38","47","10","True","False","25","27","10","True","True","37","46","10","True","True","0.002469421316691589","0.1999439383084871","0.4042553191489362","0.3421052631578947","0.6857142857142857","0.9577464788732395"
"26","25","29","10","True","True","25","29","10","True","True","25","29","10","True","True","0.0","0.0","0.0","0.0","0.0","0.0"
"27","38","47","10","True","False","23","24","10","True","True","35","43","10","True","True","0.030546806134090776","0.23523732992653879","0.4130434782608695","0.39473684210526316","0.6911764705882353","0.9857142857142858"
"28","25","28","10","True","True","25","28","10","True","True","25","28","10","True","True","0.0","0.0","0.0","0.0","0.0","0.0"
"29","25","28","10","True","True","25","28","10","True","True","25","28","10","True","True","0.0","0.0","0.0","0.0","0.0","0.0"
"30","30","39","10","True","True","30","39","10","True","True","30","39","10","True","True","0.0","0.0","0.0","0.0","0.0","0.0"
"31","25","29","10","True","True","25","29","10","True","True","25","29","10","True","True","0.0","0.0","0.0","0.0","0.0","0.0"
"32","25","28","10","True","True","25","28","10","True","True","25","28","10","True","True","0.0","0.0","0.0","0.0","0.0","0.0"
"33","25","28","10","True","True","25","28","10","True","True","25","28","10","True","True","0.0","0.0","0.0","0.0","0.0","0.0"
"34","25","29","10","True","True","25","29","10","True","True","25","29","10","True","True","0.0","0.0","0.0","0.0","0.0","0.0"
"35","25","28","10","True","True","25","28","10","True","True","25","28","10","True","True","0.0","0.0","0.0","0.0","0.0","0.0"
"36","38","47","10","True","False","29","33","10","True","False","35","42","10","True","True","0.04280174289410976","0.13365986906283633","0.4130434782608695","0.23684210526315785","0.6515151515151515","0.8888888888888888"
"37","38","47","10","True","False","29","33","10","True","True","37","45","10","True","False","0.012839911683385496","0.13365986906283633","0.4042553191489362","0.23684210526315785","0.6666666666666667","0.9189189189189189"
"38","38","47","10","True","False","27","30","10","True","True","35","39","14","True","True","0.04077712874961248","0.16614302056001373","0.47916666666666663","0.2894736842105263","0.6923076923076923","0.9594594594594594"
"39","38","47","10","True","False","27","30","10","True","True","37","46","10","True","False","0.002469421316691589","0.16614302056001373","0.4042553191489362","0.2894736842105263","0.6470588235294117","0.9452054794520548"
"40","38","47","10","True","False","27","30","10","True","True","37","45","10","True","False","0.014375191202048665","0.16614302056001373","0.4042553191489362","0.2894736842105263","0.6666666666666667","0.9305555555555556"
"41","30","39","10","True","True","30","39","10","True","True","30","39","10","True","True","0.0","0.0","0.0","0.0","0.0","0.0"
"42","38","47","10","True","False","25","27","10","True","True","37","46","10","True","False","0.002469421316691589","0.1999439383084871","0.4042553191489362","0.3421052631578947","0.6857142857142857","0.9577464788732395"
"43","25","29","10","True","True","25","29","10","True","True","25","29","10","True","True","0.0","0.0","0.0","0.0","0.0","0.0"
"44","25","28","10","True","True","25","28","10","True","True","25","28","10","True","True","0.0","0.0","0.0","0.0","0.0","0.0"
"45","25","28","10","True","True","25","28","10","True","True","25","28","10","True","True","0.0","0.0","0.0","0.0","0.0","0.0"
"46","25","29","10","True","True","25","29","10","True","True","25","29","10","True","True","0.0","0.0","0.0","0.0","0.0","0.0"
"47","38","47","10","True","False","29","33","10","True","True","37","46","10","True","False","0.002469421316691589","0.13365986906283633","0.4042553191489362","0.23684210526315785","0.6857142857142857","0.9743589743589743"
"48","25","29","10","True","True","25","29","10","True","True","25","29","10","True","True","0.0","0.0","0.0","0.0","0.0","0.0"
"49","25","28","10","True","True","25","28","10","True","True","25","28","10","True","True","0.0","0.0","0.0","0.0","0.0","0.0"
"50","38","47","10","True","False","27","30","10","True","True","37","45","10","True","False","0.012839911683385496","0.16614302056001373","0.4042553191489362","0.2894736842105263","0.6666666666666667","0.8840579710144928"
"51","30","39","10","True","True","30","39","10","True","True","30","39","10","True","True","0.0","0.0","0.0","0.0","0.0","0.0"
"52","38","47","10","True","False","29","33","10","True","True","37","46","10","True","True","0.002469421316691589","0.13365986906283633","0.4042553191489362","0.23684210526315785","0.6857142857142857","0.961038961038961"
"53","32","41","10","True","False","25","27","10","True","True","33","40","10","True","True","0.0027764783297151707","0.15172516053049545","0.33333333333333337","0.21875","0.631578947368421","0.96875"
"54","38","47","10","True","False","29","33","10","True","True","37","46","10","True","False","0.002469421316691589","0.13365986906283633","0.4042553191489362","0.23684210526315785","0.6666666666666667","0.961038961038961"
"55","38","47","10","True","False","27","30","10","True","False","37","46","10","True","True","0.002469421316691589","0.16614302056001373","0.4042553191489362","0.2894736842105263","0.6666666666666667","0.9594594594594594"
"56","30","38","10","True","True","30","38","10","True","True","30","38","10","True","True","0.0","0.0","0.0","0.0","0.0","0.0"
"57","30","38","10","True","True","30","38","10","True","True","30","38","10","True","True","0.0","0.0","0.0","0.0","0.0","0.0"
"58","25","29","10","True","True","25","29","10","True","True","25","29","10","True","True","0.0","0.0","0.0","0.0","0.0","0.0"
"59","30","39","10","True","True","30","39","10","True","True","30","39","10","True","True","0.0","0.0","0.0","0.0","0.0","0.0"
"60","38","47","10","True","False","29","33","10","True","True","37","46","10","True","True","0.002469421316691589","0.13365986906283633","0.4042553191489362","0.23684210526315785","0.6666666666666667","0.904109589041096"
"61","38","47","10","True","False","29","33","10","True","False","37","46","10","True","False","0.002469421316691589","0.13365986906283633","0.4042553191489362","0.23684210526315785","0.6857142857142857","0.904109589041096"
"62","25","29","10","True","True","25","29","10","True","True","25","29","10","True","True","0.0","0.0","0.0","0.0","0.0","0.0"
"63","25","28","10","True","True","25","28","10","True","True","25","28","10","True","True","0.0","0.0","0.0","0.0","0.0","0.0"
"64","25","29","10","True","True","25","29","10","True","True","25","29","10","True","True","0.0","0.0","0.0","0.0","0.0","0.0"
"65","38","47","10","True","False","31","36","10","True","True","37","45","10","True","False","0.014375191202048665","0.102351414648435","0.4042553191489362","0.1842105263157895","0.6857142857142857","0.9625"
"66","25","28","10","True","True","25","28","10","True","True","25","28","10","True","True","0.0","0.0","0.0","0.0","0.0","0.0"
"67","38","47","10","True","False","25","27","10","True","True","35","41","12","True","True","0.03564840130099589","0.1999439383084871","0.44680851063829785","0.3421052631578947","0.6615384615384615","0.9577464788732395"
"68","32","41","10","True","False","25","27","10","True","True","31","37","10","True","True","0.03440727411918265","0.15172516053049545","0.3421052631578947","0.21875","0.6363636363636364","0.8813559322033898"
"69","30","39","10","True","True","30","39","10","True","True","30","39","10","True","True","0.0","0.0","0.0","0.0","0.0","0.0"
"70","25","28","10","True","True","25","28","10","True","True","25","28","10","True","True","0.0","0.0","0.0","0.0","0.0","0.0"
"71","25","28","10","True","True","25","28","10","True","True","25","28","10","True","True","0.0","0.0","0.0","0.0","0.0","0.0"
"72","25","28","10","True","True","25","28","10","True","True","25","28","10","True","True","0.0","0.0","0.0","0.0","0.0","0.0"
"73","25","28","10","True","True","25","28","10","True","True","25","28","10","True","True","0.0","0.0","0.0","0.0","0.0","0.0"
"74","38","47","10","True","False","27","30","10","True","True","37","46","10","True","True","0.002469421316691589","0.16614302056001373","0.4042553191489362","0.2894736842105263","0.6857142857142857","0.9594594594594594"
"75","32","41","10","True","False","33","39","10","True","True","33","39","10","True","True","0.014445929981634298","0.016174831145713053","0.33333333333333337","0.08823529411764708","0.631578947368421","0.8873239436619719"
"76","25","29","10","True","True","25","29","10","True","True","25","29","10","True","True","0.0","0.0","0.0","0.0","0.0","0.0"
"77","38","47","10","True","False","29","33","10","True","True","37","46","10","True","False","0.002469421316691589","0.13365986906283633","0.4042553191489362","0.23684210526315785","0.6666666666666667","0.9473684210526316"
"78","38","47","10","True","False","29","33","10","True","False","37","45","10","True","False","0.014375191202048665","0.13365986906283633","0.4042553191489362","0.23684210526315785","0.6666666666666667","0.904109589041096"
"79","25","29","10","True","True","25","29","10","True","True","25","29","10","True","True","0.0","0.0","0.0","0.0","0.0","0.0"
"80","38","47","10","True","False","29","33","10","True","True","37","45","10","True","False","0.014375191202048665","0.13365986906283633","0.4042553191489362","0.23684210526315785","0.6857142857142857","0.9743589743589743"
"81","25","29","10","True","True","25","29","10","True","True","25","29","10","True","True","0.0","0.0","0.0","0.0","0.0","0.0"
"82","25","29","10","True","True","25","29","10","True","True","25","29","10","True","True","0.0","0.0","0.0","0.0","0.0","0.0"
"83","25","28","10","True","True","25","28","10","True","True","25","28","10","True","True","0.0","0.0","0.0","0.0","0.0","0.0"
"84","38","47","10","True","False","31","36","10","True","True","37","45","10","True","False","0.014375191202048665","0.102351414648435","0.4042553191489362","0.1842105263157895","0.6857142857142857","0.9493670886075949"
"85","30","38","10","True","True","30","38","10","True","True","30","38","10","True","True","0.0","0.0","0.0","0.0","0.0","0.0"
"86","38","47","10","True","False","27","30","10","True","True","37","46","10","True","False","0.002469421316691589","0.16614302056001373","0.4042553191489362","0.2894736842105263","0.6470588235294117","0.9305555555555556"
"87","38","47","10","True","False","29","33","10","True","True","35","42","10","True","True","0.041220943254483666","0.13365986906283633","0.4130434782608695","0.23684210526315785","0.6911764705882353","0.8888888888888888"
"88","25","28","10","True","True","25","28","10","True","True","25","28","10","True","True","0.0","0.0","0.0","0.0","0.0","0.0"
"89","25","28","10","True","True","25","28","10","True","True","25","28","10","True","True","0.0","0.0","0.0","0.0","0.0","0.0"
"90","25","28","10","True","True","25","28","10","True","True","25","28","10","True","True","0.0","0.0","0.0","0.0","0.0","0.0"
"91","25","29","10","True","True","25","29","10","True","True","25","29","10","True","True","0.0","0.0","0.0","0.0","0.0","0.0"
"92","38","47","10","True","False","27","30","10","True","True","37","46","10","True","False","0.002469421316691589","0.16614302056001373","0.4042553191489362","0.2894736842105263","0.6470588235294117","0.9452054794520548"
"93","25","29","10","True","True","25","29","10","True","True","25","29","10","True","True","0.0","0.0","0.0","0.0","0.0","0.0"
"94","38","47","10","True","False","27","30","10","True","True","37","46","10","True","True","0.002469421316691589","0.16614302056001373","0.4042553191489362","0.2894736842105263","0.6666666666666667","0.9452054794520548"
"95","30","39","10","True","True","30","39","10","True","True","30","39","10","True","True","0.0","0.0","0.0","0.0","0.0","0.0"
"96","25","29","10","True","True","25","29","10","True","True","25","29","10","True","True","0.0","0.0","0.0","0.0","0.0","0.0"
"97","38","47","10","True","False","31","35","10","True","False","37","46","10","True","False","0.002469421316691589","0.10286950410913698","0.4042553191489362","0.1842105263157895","0.6470588235294117","0.8611111111111112"
"98","46","57","15","True","False","35","37","15","True","True","47","56","15","True","True","0.0019727180097527386","0.15595549025890243","0.3090909090909091","0.23913043478260865","0.5897435897435898","0.989010989010989"
"99","46","57","15","True","False","37","40","15","True","True","47","56","15","True","False","0.0019727180097527386","0.13020619320281945","0.3090909090909091","0.19565217391304346","0.5897435897435898","0.9204545454545454"
"100","44","55","15","True","True","44","55","15","True","True","44","55","15","True","True","0.0","0.0","0.0","0.0","0.0","0.0"
"101","44","55","15","True","True","44","55","15","True","True","44","55","15","True","True","0.0","0.0","0.0","0.0","0.0","0.0"
"102","46","57","15","True","False","37","40","15","True","True","47","55","15","True","True","0.011469815364276159","0.13020619320281945","0.3090909090909091","0.19565217391304346","0.5714285714285714","0.9325842696629214"
"103","39","44","15","True","True","39","44","15","True","True","39","44","15","True","True","0.0","0.0","0.0","0.0","0.0","0.0"
"104","39","44","15","True","True","39","44","15","True","True","39","44","15","True","True","0.0","0.0","0.0","0.0","0.0","0.0"
"105","39","45","15","True","True","39","45","15","True","True","39","45","15","True","True","0.0","0.0","0.0","0.0","0.0","0.0"
"106","52","63","15","True","False","39","43","15","True","True","49","58","15","True","False","0.030095617140305064","0.1422499116022028","0.3709677419354839","0.25","0.6404494382022472","0.94"
"107","39","44","15","True","True","39","44","15","True","True","39","44","15","True","True","0.0","0.0","0.0","0.0","0.0","0.0"
"108","39","45","15","True","True","39","45","15","True","True","39","45","15","True","True","0.0","0.0","0.0","0.0","0.0","0.0"
"109","44","54","15","True","True","44","54","15","True","True","44","54","15","True","True","0.0","0.0","0.0","0.0","0.0","0.0"
"110","39","44","15","True","True","39","44","15","True","True","39","44","15","True","True","0.0","0.0","0.0","0.0","0.0","0.0"
"111","39","45","15","True","True","39","45","15","True","True","39","45","15","True","True","0.0","0.0","0.0","0.0","0.0","0.0"
"112","52","63","15","True","False","41","46","15","True","True","51","61","15","True","True","0.010534634194057424","0.11892889230762294","0.3650793650793651","0.21153846153846156","0.6373626373626373","0.9313725490196079"
"113","52","63","15","True","False","39","43","15","True","True","51","62","15","True","False","0.0018125810336658832","0.1422499116022028","0.3650793650793651","0.25","0.6521739130434783","0.9504950495049505"
"114","52","63","15","True","False","39","43","15","True","True","51","62","15","True","False","0.0018125810336658832","0.1422499116022028","0.3650793650793651","0.25","0.6222222222222222","0.9183673469387755"
"115","46","57","15","True","False","39","43","15","True","False","47","56","15","True","False","0.0019727180097527386","0.1051975646762171","0.3090909090909091","0.15217391304347827","0.5714285714285714","0.8604651162790697"
"116","39","44","15","True","True","39","44","15","True","True","39","44","15","True","True","0.0","0.0","0.0","0.0","0.0","0.0"
"117","39","45","15","True","True","39","45","15","True","True","39","45","15","True","True","0.0","0.0","0.0","0.0","0.0","0.0"
"118","46","57","15","True","False","35","36","15","True","True","47","56","15","True","True","0.0019727180097527386","0.156395752547826","0.3090909090909091","0.23913043478260865","0.5526315789473684","0.9294117647058824"
"119","44","55","15","True","True","44","55","15","True","True","44","55","15","True","True","0.0","0.0","0.0","0.0","0.0","0.0"
"120","39","44","15","True","True","39","44","15","True","True","39","44","15","True","True","0.0","0.0","0.0","0.0","0.0","0.0"
"121","44","54","15","True","True","44","54","15","True","True","44","54","15","True","True","0.0","0.0","0.0","0.0","0.0","0.0"
"122","39","44","15","True","True","39","44","15","True","True","39","44","15","True","True","0.0","0.0","0.0","0.0","0.0","0.0"
"123","39","45","15","True","True","39","45","15","True","True","39","45","15","True","True","0.0","0.0","0.0","0.0","0.0","0.0"
"124","39","45","15","True","True","39","45","15","True","True","39","45","15","True","True","0.0","0.0","0.0","0.0","0.0","0.0"
"125","44","55","15","True","True","44","55","15","True","True","44","55","15","True","True","0.0","0.0","0.0","0.0","0.0","0.0"
"126","52","63","15","True","False","39","43","15","True","True","51","62","15","True","False","0.0018125810336658832","0.1422499116022028","0.3650793650793651","0.25","0.6373626373626373","0.9183673469387755"
"127","39","45","15","True","True","39","45","15","True","True","39","45","15","True","True","0.0","0.0","0.0","0.0","0.0","0.0"
"128","39","45","15","True","True","39","45","15","True","True","39","45","15","True","True","0.0","0.0","0.0","0.0","0.0","0.0"
"129","39","45","15","True","True","39","45","15","True","True","39","45","15","True","True","0.0","0.0","0.0","0.0","0.0","0.0"
"130","39","44","15","True","True","39","44","15","True","True","39","44","15","True","True","0.0","0.0","0.0","0.0","0.0","0.0"
"131","39","45","15","True","True","39","45","15","True","True","39","45","15","True","True","0.0","0.0","0.0","0.0","0.0","0.0"
"132","39","44","15","True","True","39","44","15","True","True","39","44","15","True","True","0.0","0.0","0.0","0.0","0.0","0.0"
"133","52","63","15","True","False","39","43","15","True","True","51","62","15","True","True","0.0018125810336658832","0.1422499116022028","0.3650793650793651","0.25","0.6222222222222222","0.9183673469387755"
"134","39","44","15","True","True","39","44","15","True","True","39","44","15","True","True","0.0","0.0","0.0","0.0","0.0","0.0"
"135","52","63","15","True","False","37","40","15","True","True","51","62","15","True","True","0.0018125810336658832","0.16622297256245666","0.3650793650793651","0.28846153846153844","0.6222222222222222","0.9270833333333334"
"136","46","57","15","True","False","39","43","15","True","True","47","55","15","True","False","0.011469815364276159","0.1051975646762171","0.3090909090909091","0.15217391304347827","0.5526315789473684","0.968421052631579"
"137","39","45","15","True","True","39","45","15","True","True","39","45","15","True","True","0.0","0.0","0.0","0.0","0.0","0.0"
"138","52","63","15","True","False","41","46","15","True","True","51","62","15","True","True","0.0018125810336658832","0.11892889230762294","0.3650793650793651","0.21153846153846156","0.6373626373626373","0.9619047619047619"
"139","46","57","15","True","False","35","37","15","True","True","47","55","15","True","True","0.011469815364276159","0.15595549025890243","0.3090909090909091","0.23913043478260865","0.5897435897435898","0.891566265060241"
"140","39","45","15","True","True","39","45","15","True","True","39","45","15","True","True","0.0","0.0","0.0","0.0","0.0","0.0"
"141","39","45","15","True","True","39","45","15","True","True","39","45","15","True","True","0.0","0.0","0.0","0.0","0.0","0.0"
"142","46","57","15","True","False","37","40","15","True","True","47","56","15","True","True","0.0019727180097527386","0.13020619320281945","0.3090909090909091","0.19565217391304346","0.5897435897435898","0.8690476190476191"
"143","39","45","15","True","True","39","45","15","True","True","39","45","15","True","True","0.0","0.0","0.0","0.0","0.0","0.0"
"144","39","45","15","True","True","39","45","15","True","True","39","45","15","True","True","0.0","0.0","0.0","0.0","0.0","0.0"
"145","46","57","15","True","False","39","43","15","True","True","47","56","15","True","True","0.0019727180097527386","0.1051975646762171","0.3090909090909091","0.15217391304347827","0.5897435897435898","0.9230769230769231"
"146","39","45","15","True","True","39","45","15","True","True","39","45","15","True","True","0.0","0.0","0.0","0.0","0.0","0.0"
"147","52","63","15","True","False","41","46","15","True","True","51","61","15","True","True","0.009411490802417544","0.11892889230762294","0.3650793650793651","0.21153846153846156","0.6521739130434783","0.9313725490196079"
"148","39","44","15","True","True","39","44","15","True","True","39","44","15","True","True","0.0","0.0","0.0","0.0","0.0","0.0"
"149","46","57","15","True","False","39","43","15","True","True","47","56","15","True","True","0.0019727180097527386","0.1051975646762171","0.3090909090909091","0.15217391304347827","0.5897435897435898","0.9347826086956522"
"150","39","44","15","True","True","39","44","15","True","True","39","44","15","True","True","0.0","0.0","0.0","0.0","0.0","0.0"
"151","44","54","15","True","True","44","54","15","True","True","44","54","15","True","True","0.0","0.0","0.0","0.0","0.0","0.0"
"152","52","63","15","True","False","39","43","15","True","True","51","62","15","True","False","0.0018125810336658832","0.1422499116022028","0.3650793650793651","0.25","0.6373626373626373","0.94"
"153","44","55","15","True","True","44","55","15","True","True","44","55","15","True","True","0.0","0.0","0.0","0.0","0.0","0.0"
"154","46","57","15","True","False","41","46","15","True","True","47","56","15","True","True","0.0019727180097527386","0.08086914414757351","0.3090909090909091","0.10869565217391308","0.5897435897435898","0.9693877551020408"
"155","52","63","15","True","False","43","49","15","True","True","51","62","15","True","True","0.0018125810336658832","0.09620943826895634","0.3650793650793651","0.17307692307692313","0.6521739130434783","0.9532710280373832"
"156","39","44","15","True","True","39","44","15","True","True","39","44","15","True","True","0.0","0.0","0.0","0.0","0.0","0.0"
"157","39","45","15","True","True","39","45","15","True","True","39","45","15","True","True","0.0","0.0","0.0","0.0","0.0","0.0"
"158","46","57","15","True","False","43","49","15","True","True","47","56","15","True","True","0.0019727180097527386","0.05716827477080755","0.3090909090909091","0.06521739130434778","0.5714285714285714","0.8817204301075269"
"159","52","63","15","True","False","41","46","15","True","False","51","61","15","True","False","0.010534634194057424","0.11892889230762294","0.3650793650793651","0.21153846153846156","0.6521739130434783","0.91"
"160","52","63","15","True","False","41","46","15","True","False","51","62","15","True","False","0.0018125810336658832","0.11892889230762294","0.3650793650793651","0.21153846153846156","0.6373626373626373","0.9716981132075472"
"161","39","45","15","True","True","39","45","15","True","True","39","45","15","True","True","0.0","0.0","0.0","0.0","0.0","0.0"
"162","39","45","15","True","True","39","45","15","True","True","39","45","15","True","True","0.0","0.0","0.0","0.0","0.0","0.0"
"163","52","63","15","True","False","43","49","15","True","True","51","61","15","True","False","0.010534634194057424","0.09620943826895634","0.3650793650793651","0.17307692307692313","0.6373626373626373","0.962962962962963"
"164","44","55","15","True","True","44","55","15","True","True","44","55","15","True","True","0.0","0.0","0.0","0.0","0.0","0.0"
"165","39","45","15","True","True","39","45","15","True","True","39","45","15","True","True","0.0","0.0","0.0","0.0","0.0","0.0"
"166","39","45","15","True","True","39","45","15","True","True","39","45","15","True","True","0.0","0.0","0.0","0.0","0.0","0.0"
"167","39","45","15","True","True","39","45","15","True","True","39","45","15","True","True","0.0","0.0","0.0","0.0","0.0","0.0"
"168","52","63","15","True","False","39","43","15","True","True","51","62","15","True","True","0.0018125810336658832","0.1422499116022028","0.3650793650793651","0.25","0.6521739130434783","0.9807692307692307"
"169","39","45","15","True","True","39","45","15","True","True","39","45","15","True","True","0.0","0.0","0.0","0.0","0.0","0.0"
"170","52","63","15","True","False","41","46","15","True","True","51","61","15","True","False","0.010534634194057424","0.11892889230762294","0.3650793650793651","0.21153846153846156","0.6373626373626373","0.9619047619047619"
"171","52","63","15","True","False","45","52","15","True","True","51","62","15","True","False","0.0018125810336658832","0.07404726787056859","0.3650793650793651","0.13461538461538458","0.6373626373626373","0.9823008849557522"
"172","39","45","15","True","True","39","45","15","True","True","39","45","15","True","True","0.0","0.0","0.0","0.0","0.0","0.0"
"173","39","45","15","True","True","39","45","15","True","True","39","45","15","True","True","0.0","0.0","0.0","0.0","0.0","0.0"
"174","52","63","15","True","False","41","46","15","True","True","51","62","15","True","False","0.0018125810336658832","0.11892889230762294","0.3650793650793651","0.21153846153846156","0.6373626373626373","0.9619047619047619"
"175","52","63","15","True","False","39","43","15","True","True","51","62","15","True","False","0.0018125810336658832","0.1422499116022028","0.3650793650793651","0.25","0.6521739130434783","0.9183673469387755"
"176","44","54","15","True","True","44","54","15","True","True","44","54","15","True","True","0.0","0.0","0.0","0.0","0.0","0.0"
"177","44","55","15","True","True","44","55","15","True","True","44","55","15","True","True","0.0","0.0","0.0","0.0","0.0","0.0"
"178","39","44","15","True","True","39","44","15","True","True","39","44","15","True","True","0.0","0.0","0.0","0.0","0.0","0.0"
"179","44","54","15","True","True","44","54","15","True","True","44","54","15","True","True","0.0","0.0","0.0","0.0","0.0","0.0"
"180","52","63","15","True","False","39","43","15","True","True","49","59","15","True","True","0.022335926445678944","0.1422499116022028","0.3709677419354839","0.25","0.6404494382022472","0.9504950495049505"
"181","46","57","15","True","False","39","43","15","True","False","47","56","15","True","True","0.0019727180097527386","0.1051975646762171","0.3090909090909091","0.15217391304347827","0.5897435897435898","0.9347826086956522"
"182","39","45","15","True","True","39","45","15","True","True","39","45","15","True","True","0.0","0.0","0.0","0.0","0.0","0.0"
"183","44","55","15","True","True","44","55","15","True","True","44","55","15","True","True","0.0","0.0","0.0","0.0","0.0","0.0"
"184","52","63","15","True","False","41","46","15","True","True","51","62","15","True","False","0.0018125810336658832","0.11892889230762294","0.3650793650793651","0.21153846153846156","0.6521739130434783","0.898989898989899"
"185","44","55","15","True","True","44","55","15","True","True","44","55","15","True","True","0.0","0.0","0.0","0.0","0.0","0.0"
"186","46","57","15","True","False","41","46","15","True","True","47","55","15","True","True","0.011469815364276159","0.08086914414757351","0.3090909090909091","0.10869565217391308","0.6075949367088608","0.9587628865979382"
"187","52","63","15","True","False","39","43","15","True","True","51","61","15","True","True","0.010534634194057424","0.1422499116022028","0.3650793650793651","0.25","0.6373626373626373","0.9072164948453608"
"188","39","45","15","True","True","39","45","15","True","True","39","45","15","True","True","0.0","0.0","0.0","0.0","0.0","0.0"
"189","44","54","15","True","True","44","54","15","True","True","44","54","15","True","True","0.0","0.0","0.0","0.0","0.0","0.0"
"190","52","63","15","True","False","43","49","15","True","True","51","61","15","True","True","0.009411490802417544","0.09620943826895634","0.3650793650793651","0.17307692307692313","0.6373626373626373","0.9333333333333333"
"191","44","55","15","True","True","44","55","15","True","True","44","55","15","True","True","0.0","0.0","0.0","0.0","0.0","0.0"
"192","52","63","15","True","False","37","40","15","True","False","51","62","15","True","True","0.0018125810336658832","0.16622297256245666","0.3650793650793651","0.28846153846153844","0.6067415730337078","0.8924731182795699"
"193","39","45","15","True","True","39","45","15","True","True","39","45","15","True","True","0.0","0.0","0.0","0.0","0.0","0.0"
"194","39","44","15","True","True","39","44","15","True","True","39","44","15","True","True","0.0","0.0","0.0","0.0","0.0","0.0"
"195","44","54","15","True","True","44","54","15","True","True","44","54","15","True","True","0.0","0.0","0.0","0.0","0.0","0.0"
"196","53","61","20","True","True","53","61","20","True","True","53","61","20","True","True","0.0","0.0","0.0","0.0","0.0","0.0"
"197","53","61","20","True","True","53","61","20","True","True","53","61","20","True","True","0.0","0.0","0.0","0.0","0.0","0.0"
"198","60","73","20","True","False","47","50","20","True","True","61","72","20","True","True","0.0015298448229373873","0.13820271547876184","0.295774647887324","0.21666666666666667","0.5800000000000001","0.9745762711864406"
"199","53","60","20","True","True","53","60","20","True","True","53","60","20","True","True","0.0","0.0","0.0","0.0","0.0","0.0"
"200","66","79","20","True","False","55","62","20","True","True","65","77","20","True","True","0.008313570067488785","0.09266557447869395","0.3417721518987342","0.16666666666666663","0.6071428571428572","0.9708029197080292"
"201","60","73","20","True","False","47","50","20","True","True","61","72","20","True","True","0.0015298448229373873","0.13820271547876184","0.295774647887324","0.21666666666666667","0.5656565656565656","0.9385964912280702"
"202","53","60","20","True","True","53","60","20","True","True","53","60","20","True","True","0.0","0.0","0.0","0.0","0.0","0.0"
"203","66","79","20","True","False","57","65","20","True","True","65","77","20","True","False","0.008313570067488785","0.07517947532976932","0.3417721518987342","0.13636363636363635","0.631578947368421","0.9333333333333333"
"204","53","60","20","True","True","53","60","20","True","True","53","60","20","True","True","0.0","0.0","0.0","0.0","0.0","0.0"
"205","66","79","20","True","False","49","53","20","True","True","65","78","20","True","False","0.0014317505248574447","0.1472725931516261","0.3417721518987342","0.25757575757575757","0.6194690265486726","0.9523809523809523"
"206","53","60","20","True","True","53","60","20","True","True","53","60","20","True","True","0.0","0.0","0.0","0.0","0.0","0.0"
"207","58","71","20","True","True","58","71","20","True","True","58","71","20","True","True","0.0","0.0","0.0","0.0","0.0","0.0"
"208","53","61","20","True","True","53","61","20","True","True","53","61","20","True","True","0.0","0.0","0.0","0.0","0.0","0.0"
"209","53","60","20","True","True","53","60","20","True","True","53","60","20","True","True","0.0","0.0","0.0","0.0","0.0","0.0"
"210","66","79","20","True","False","55","62","20","True","True","65","78","20","True","False","0.0014317505248574447","0.09266557447869395","0.3417721518987342","0.16666666666666663","0.6194690265486726","0.9708029197080292"
"211","53","60","20","True","True","53","60","20","True","True","53","60","20","True","True","0.0","0.0","0.0","0.0","0.0","0.0"
"212","53","61","20","True","True","53","61","20","True","True","53","61","20","True","True","0.0","0.0","0.0","0.0","0.0","0.0"
"213","53","60","20","True","True","53","60","20","True","True","53","60","20","True","True","0.0","0.0","0.0","0.0","0.0","0.0"
"214","53","60","20","True","True","53","60","20","True","True","53","60","20","True","True","0.0","0.0","0.0","0.0","0.0","0.0"
"215","53","60","20","True","True","53","60","20","True","True","53","60","20","True","True","0.0","0.0","0.0","0.0","0.0","0.0"
"216","53","60","20","True","True","53","60","20","True","True","53","60","20","True","True","0.0","0.0","0.0","0.0","0.0","0.0"
"217","53","60","20","True","True","53","60","20","True","True","53","60","20","True","True","0.0","0.0","0.0","0.0","0.0","0.0"
"218","66","79","20","True","False","49","53","20","True","True","65","77","20","True","False","0.008313570067488785","0.1472725931516261","0.3417721518987342","0.25757575757575757","0.6071428571428572","0.926829268292683"
"219","66","79","20","True","False","49","52","20","True","True","63","75","20","True","True","0.017604302867419763","0.14758893293184971","0.34615384615384615","0.25757575757575757","0.6090909090909091","0.8803418803418803"
"220","53","61","20","True","True","53","61","20","True","True","53","61","20","True","True","0.0","0.0","0.0","0.0","0.0","0.0"
"221","66","79","20","True","False","55","62","20","True","True","65","77","20","True","False","0.008313570067488785","0.09266557447869395","0.3417721518987342","0.16666666666666663","0.631578947368421","0.9398496240601504"
"222","53","60","20","True","True","53","60","20","True","True","53","60","20","True","True","0.0","0.0","0.0","0.0","0.0","0.0"
"223","53","61","20","True","True","53","61","20","True","True","53","61","20","True","True","0.0","0.0","0.0","0.0","0.0","0.0"
"224","53","61","20","True","True","53","61","20","True","True","53","61","20","True","True","0.0","0.0","0.0","0.0","0.0","0.0"
"225","66","79","20","True","False","55","62","20","True","True","65","77","20","True","True","0.008313570067488785","0.09266557447869395","0.3417721518987342","0.16666666666666663","0.631578947368421","0.9398496240601504"
"226","53","60","20","True","True","53","60","20","True","True","53","60","20","True","True","0.0","0.0","0.0","0.0","0.0","0.0"
"227","66","79","20","True","False","51","56","20","True","True","65","78","20","True","True","0.0014317505248574447","0.12868990967302896","0.3417721518987342","0.2272727272727273","0.6194690265486726","0.9024390243902439"
"228","53","60","20","True","True","53","60","20","True","True","53","60","20","True","True","0.0","0.0","0.0","0.0","0.0","0.0"
"229","58","71","20","True","True","58","71","20","True","True","58","71","20","True","True","0.0","0.0","0.0","0.0","0.0","0.0"
"230","66","79","20","True","False","53","59","20","True","True","65","78","20","True","True","0.0014317505248574447","0.11049535323257786","0.3417721518987342","0.19696969696969702","0.6071428571428572","0.9624060150375939"
"231","66","79","20","True","False","51","56","20","True","True","65","77","20","True","True","0.007428114674628783","0.12868990967302896","0.3417721518987342","0.2272727272727273","0.6071428571428572","0.9453125"
"232","53","61","20","True","True","53","61","20","True","True","53","61","20","True","True","0.0","0.0","0.0","0.0","0.0","0.0"
"233","53","60","20","True","True","53","60","20","True","True","53","60","20","True","True","0.0","0.0","0.0","0.0","0.0","0.0"
"234","53","60","20","True","True","53","60","20","True","True","53","60","20","True","True","0.0","0.0","0.0","0.0","0.0","0.0"
"235","53","61","20","True","True","53","61","20","True","True","53","61","20","True","True","0.0","0.0","0.0","0.0","0.0","0.0"
"236","66","79","20","True","False","51","56","20","True","True","65","78","20","True","True","0.0014317505248574447","0.12868990967302896","0.3417721518987342","0.2272727272727273","0.6071428571428572","0.9534883720930233"
"237","53","60","20","True","True","53","60","20","True","True","53","60","20","True","True","0.0","0.0","0.0","0.0","0.0","0.0"
"238","66","79","20","True","False","47","50","20","True","True","63","75","20","True","False","0.017604302867419763","0.1662693556818785","0.34615384615384615","0.28787878787878785","0.6090909090909091","0.868421052631579"
"239","66","79","20","True","False","51","56","20","True","True","63","75","20","True","True","0.017604302867419763","0.12868990967302896","0.34615384615384615","0.2272727272727273","0.6339285714285714","0.9285714285714286"
"240","53","60","20","True","True","53","60","20","True","True","53","60","20","True","True","0.0","0.0","0.0","0.0","0.0","0.0"
"241","66","79","20","True","False","51","56","20","True","True","65","78","20","True","True","0.0014317505248574447","0.12868990967302896","0.3417721518987342","0.2272727272727273","0.5945945945945945","0.9453125"
"242","66","79","20","True","False","53","59","20","True","True","65","77","20","True","False","0.008313570067488785","0.11049535323257786","0.3417721518987342","0.19696969696969702","0.6071428571428572","0.9302325581395349"
"243","53","60","20","True","True","53","60","20","True","True","53","60","20","True","True","0.0","0.0","0.0","0.0","0.0","0.0"
"244","60","73","20","True","False","51","56","20","True","True","61","72","20","True","True","0.0015298448229373873","0.09935819807383173","0.295774647887324","0.15000000000000002","0.5800000000000001","0.9051724137931034"
"245","53","61","20","True","True","53","61","20","True","True","53","61","20","True","True","0.0","0.0","0.0","0.0","0.0","0.0"
"246","58","71","20","True","True","58","71","20","True","True","58","71","20","True","True","0.0","0.0","0.0","0.0","0.0","0.0"
"247","53","60","20","True","True","53","60","20","True","True","53","60","20","True","True","0.0","0.0","0.0","0.0","0.0","0.0"
"248","53","61","20","True","True","53","61","20","True","True","53","61","20","True","True","0.0","0.0","0.0","0.0","0.0","0.0"
"249","53","61","20","True","True","53","61","20","True","True","53","61","20","True","True","0.0","0.0","0.0","0.0","0.0","0.0"
"250","53","60","20","True","True","53","60","20","True","True","53","60","20","True","True","0.0","0.0","0.0","0.0","0.0","0.0"
"251","53","60","20","True","True","53","60","20","True","True","53","60","20","True","True","0.0","0.0","0.0","0.0","0.0","0.0"
"252","53","61","20","True","True","53","61","20","True","True","53","61","20","True","True","0.0","0.0","0.0","0.0","0.0","0.0"
"253","66","79","20","True","False","57","65","20","True","True","65","78","20","True","False","0.0014317505248574447","0.07517947532976932","0.3417721518987342","0.13636363636363635","0.6194690265486726","0.9172932330827068"
"254","60","73","20","True","False","49","53","20","True","True","61","72","20","True","True","0.0015298448229373873","0.11856644748880951","0.295774647887324","0.18333333333333335","0.594059405940594","0.9752066115702479"
"255","53","61","20","True","True","53","61","20","True","True","53","61","20","True","True","0.0","0.0","0.0","0.0","0.0","0.0"
"256","53","61","20","True","True","53","61","20","True","True","53","61","20","True","True","0.0","0.0","0.0","0.0","0.0","0.0"
"257","66","79","20","True","False","51","56","20","True","True","65","77","20","True","False","0.008313570067488785","0.12868990967302896","0.3417721518987342","0.2272727272727273","0.6071428571428572","0.9615384615384616"
"258","53","60","20","True","True","53","60","20","True","True","53","60","20","True","True","0.0","0.0","0.0","0.0","0.0","0.0"
"259","53","61","20","True","True","53","61","20","True","True","53","61","20","True","True","0.0","0.0","0.0","0.0","0.0","0.0"
"260","53","60","20","True","True","53","60","20","True","True","53","60","20","True","True","0.0","0.0","0.0","0.0","0.0","0.0"
"261","58","71","20","True","True","58","71","20","True","True","58","71","20","True","True","0.0","0.0","0.0","0.0","0.0","0.0"
"262","66","79","20","True","False","55","62","20","True","True","65","78","20","True","True","0.0014317505248574447","0.09266557447869395","0.3417721518987342","0.16666666666666663","0.6071428571428572","0.8984375"
"263","66","79","20","True","False","55","62","20","True","True","63","75","20","True","False","0.017604302867419763","0.09266557447869395","0.34615384615384615","0.16666666666666663","0.6216216216216216","0.9632352941176471"
"264","53","60","20","True","True","53","60","20","True","True","53","60","20","True","True","0.0","0.0","0.0","0.0","0.0","0.0"
"265","53","61","20","True","True","53","61","20","True","True","53","61","20","True","True","0.0","0.0","0.0","0.0","0.0","0.0"
"266","58","71","20","True","True","58","71","20","True","True","58","71","20","True","True","0.0","0.0","0.0","0.0","0.0","0.0"
"267","58","70","20","True","True","58","70","20","True","True","58","70","20","True","True","0.0","0.0","0.0","0.0","0.0","0.0"
"268","60","73","20","True","False","53","59","20","True","True","61","72","20","True","True","0.0015298448229373873","0.08055114157385934","0.295774647887324","0.1166666666666667","0.5800000000000001","0.9516129032258065"
"269","53","61","20","True","True","53","61","20","True","True","53","61","20","True","True","0.0","0.0","0.0","0.0","0.0","0.0"
"270","53","61","20","True","True","53","61","20","True","True","53","61","20","True","True","0.0","0.0","0.0","0.0","0.0","0.0"
"271","66","79","20","True","False","51","56","20","True","True","65","77","20","True","False","0.008313570067488785","0.12868990967302896","0.3417721518987342","0.2272727272727273","0.6071428571428572","0.937007874015748"
"272","53","60","20","True","True","53","60","20","True","True","53","60","20","True","True","0.0","0.0","0.0","0.0","0.0","0.0"
"273","66","79","20","True","False","57","65","20","True","True","63","74","20","True","True","0.023699992613377185","0.07517947532976932","0.34615384615384615","0.13636363636363635","0.6460176991150443","0.9411764705882353"
"274","66","79","20","True","False","53","59","20","True","True","65","78","20","True","True","0.0014317505248574447","0.11049535323257786","0.3417721518987342","0.19696969696969702","0.631578947368421","0.9545454545454546"
"275","60","73","20","True","False","51","56","20","True","True","61","71","20","True","True","0.00793868573141654","0.09935819807383173","0.295774647887324","0.15000000000000002","0.5510204081632653","0.8956521739130435"
"276","58","70","20","True","True","58","70","20","True","True","58","70","20","True","True","0.0","0.0","0.0","0.0","0.0","0.0"
"277","53","60","20","True","True","53","60","20","True","True","53","60","20","True","True","0.0","0.0","0.0","0.0","0.0","0.0"
"278","66","79","20","True","False","53","59","20","True","True","65","78","20","True","True","0.0014317505248574447","0.11049535323257786","0.3417721518987342","0.19696969696969702","0.6071428571428572","0.9624060150375939"
"279","66","79","20","True","False","55","62","20","True","True","65","77","20","True","True","0.008313570067488785","0.09266557447869395","0.3417721518987342","0.16666666666666663","0.631578947368421","0.9318181818181819"
"280","66","79","20","True","False","55","62","20","True","True","65","77","20","True","True","0.007428114674628783","0.09266557447869395","0.3417721518987342","0.16666666666666663","0.6194690265486726","0.9318181818181819"
"281","53","60","20","True","True","53","60","20","True","True","53","60","20","True","True","0.0","0.0","0.0","0.0","0.0","0.0"
"282","53","61","20","True","True","53","61","20","True","True","53","61","20","True","True","0.0","0.0","0.0","0.0","0.0","0.0"
"283","66","79","20","True","False","49","53","20","True","True","65","78","20","True","True","0.0014317505248574447","0.1472725931516261","0.3417721518987342","0.25757575757575757","0.631578947368421","0.926829268292683"
"284","60","73","20","True","False","49","53","20","True","True","59","69","20","True","True","0.018821064792466258","0.11856644748880951","0.30000000000000004","0.18333333333333335","0.595959595959596","0.957983193277311"
"285","53","61","20","True","True","53","61","20","True","True","53","61","20","True","True","0.0","0.0","0.0","0.0","0.0","0.0"
"286","53","61","20","True","True","53","61","20","True","True","53","61","20","True","True","0.0","0.0","0.0","0.0","0.0","0.0"
"287","53","61","20","True","True","53","61","20","True","True","53","61","20","True","True","0.0","0.0","0.0","0.0","0.0","0.0"
"288","66","79","20","True","False","51","56","20","True","True","65","77","20","True","False","0.008313570067488785","0.12868990967302896","0.3417721518987342","0.2272727272727273","0.6071428571428572","0.9534883720930233"
"289","53","60","20","True","True","53","60","20","True","True","53","60","20","True","True","0.0","0.0","0.0","0.0","0.0","0.0"
"290","60","73","20","True","False","49","53","20","True","True","61","72","20","True","True","0.0015298448229373873","0.11856644748880951","0.295774647887324","0.18333333333333335","0.5800000000000001","0.9401709401709402"
"291","66","79","20","True","False","53","59","20","True","True","63","74","20","True","True","0.023699992613377185","0.11049535323257786","0.34615384615384615","0.19696969696969702","0.6216216216216216","0.921875"
"292","53","61","20","True","True","53","61","20","True","True","53","61","20","True","True","0.0","0.0","0.0","0.0","0.0","0.0"
"293","58","71","20","True","True","58","71","20","True","True","58","71","20","True","True","0.0","0.0","0.0","0.0","0.0","0.0"
