"NETWORK NUMBER","V(N)","A(N)","L(N)","isBinary","isTreeBased","isInputNormal","isNormal","Measure1 Normal","NORMAL TIME"
"0","36","43","10","True","True","False","True","0.23275870282459843","0.014001846313476562"
"1","36","43","10","True","True","False","True","0.23275870282459843","0.010001659393310547"
"2","36","43","10","True","True","False","True","0.23618673009590319","0.009001016616821289"
"3","36","43","10","True","True","False","True","0.27206027871894867","0.011006593704223633"
"4","36","43","10","True","True","False","True","0.27206027871894867","0.009996891021728516"
"5","36","43","10","True","True","False","True","0.27206027871894867","0.009999990463256836"
"6","36","43","10","True","True","False","True","0.27206027871894867","0.010090827941894531"
"7","36","43","10","True","True","False","True","0.09459755972405814","0.01799774169921875"
"8","36","43","10","True","True","False","True","0.27206027871894867","0.00999760627746582"
"9","36","43","10","True","True","False","True","0.27206027871894867","0.012000322341918945"
"10","36","43","10","True","True","False","True","0.2756742852770374","0.010004997253417969"
"11","36","43","10","True","True","False","True","0.07502412501157651","0.03500556945800781"
"12","36","43","10","True","True","False","True","0.2756742852770374","0.010998249053955078"
"13","36","43","10","True","True","False","True","0.23275870282459843","0.024999618530273438"
"14","36","43","10","True","True","False","True","0.0767677883369321","0.04698777198791504"
"15","36","43","10","True","True","False","True","0.1953745104932041","0.020989179611206055"
"16","36","43","10","True","True","False","True","0.2684641262189945","0.01099848747253418"
"17","36","43","10","True","True","False","True","0.27206027871894867","0.014001131057739258"
"18","36","43","10","True","True","False","True","0.23618673009590319","0.009015798568725586"
"19","36","43","10","True","True","False","True","0.27206027871894867","0.00899958610534668"
"20","36","43","10","True","True","False","True","0.1953745104932041","0.014999866485595703"
"21","36","43","10","True","True","False","False","0.1953745104932041","0.00998234748840332"
"22","36","43","10","True","True","False","True","0.23275870282459843","0.015120744705200195"
"23","36","43","10","True","True","False","True","0.23275870282459843","0.011567831039428711"
"24","36","43","10","True","True","False","True","0.1953745104932041","0.017149686813354492"
"25","36","43","10","True","True","False","True","0.27206027871894867","0.013001680374145508"
"26","36","43","10","True","True","False","True","0.27206027871894867","0.013990640640258789"
"27","36","43","10","True","True","False","True","0.1596517694213253","0.01800251007080078"
"28","36","43","10","True","True","False","True","0.23275870282459843","0.011999130249023438"
"29","36","43","10","True","True","False","True","0.27206027871894867","0.009998798370361328"
"30","36","43","10","True","True","False","True","0.23275870282459843","0.013998746871948242"
"31","36","43","10","True","True","False","True","0.27206027871894867","0.011998414993286133"
"32","36","43","10","True","True","False","True","0.059275888239846974","0.047003746032714844"
"33","36","43","10","True","True","False","True","0.04664413158164471","0.055997371673583984"
"34","36","43","10","True","True","False","False","0.23130468768918966","0.0069997310638427734"
"35","36","43","10","True","True","False","True","0.08981751321425002","0.020001649856567383"
"36","36","43","10","True","True","False","False","0.2334037369577816","0.007994413375854492"
"37","36","43","10","True","True","False","True","0.08927417032753993","0.02100515365600586"
"38","36","43","10","True","True","False","True","0.23275870282459843","0.01099538803100586"
"39","36","43","10","True","True","False","True","0.27206027871894867","0.010000944137573242"
"40","36","43","10","True","True","False","True","0.27206027871894867","0.012996912002563477"
"41","36","43","10","True","True","False","True","0.27206027871894867","0.010999679565429688"
"42","36","43","10","True","True","False","True","0.27206027871894867","0.008001327514648438"
"43","36","43","10","True","True","False","True","0.1953745104932041","0.024004220962524414"
"44","36","43","10","True","True","False","True","0.27206027871894867","0.010004043579101562"
"45","36","43","10","True","True","False","True","0.2756742852770374","0.008998394012451172"
"46","36","43","10","True","True","False","True","0.27206027871894867","0.010000228881835938"
"47","36","43","10","True","True","False","True","0.27206027871894867","0.009006261825561523"
"48","36","43","10","True","True","False","True","0.27206027871894867","0.012012004852294922"
"49","36","43","10","True","True","False","True","0.23275870282459843","0.013005971908569336"
"50","36","43","10","True","True","False","True","0.044955464647832954","0.04099631309509277"
"51","36","43","10","True","True","False","True","0.07555909235392388","0.02399444580078125"
"52","36","43","10","True","True","False","True","0.27206027871894867","0.008998870849609375"
"53","36","43","10","True","True","False","True","0.27206027871894867","0.011978864669799805"
"54","36","43","10","True","True","False","True","0.27206027871894867","0.008000850677490234"
"55","36","43","10","True","True","False","False","0.2334037369577816","0.0059969425201416016"
"56","36","43","10","True","True","False","True","0.27206027871894867","0.012998104095458984"
"57","36","43","10","True","True","False","True","0.27206027871894867","0.010999441146850586"
"58","36","43","10","True","True","False","True","0.27206027871894867","0.012998342514038086"
"59","36","43","10","True","True","False","True","0.27206027871894867","0.010001182556152344"
"60","36","43","10","True","True","False","True","0.27206027871894867","0.011989593505859375"
"61","36","43","10","True","True","False","True","0.27206027871894867","0.009999275207519531"
"62","36","43","10","True","True","False","True","0.27206027871894867","0.015002012252807617"
"63","36","43","10","True","True","False","True","0.27206027871894867","0.009062767028808594"
"64","36","43","10","True","True","False","True","0.27206027871894867","0.008998394012451172"
"65","36","43","10","True","True","False","True","0.23618673009590319","0.010999679565429688"
"66","36","43","10","True","True","False","True","0.27206027871894867","0.009992837905883789"
"67","36","43","10","True","True","False","True","0.27206027871894867","0.009000301361083984"
"68","36","43","10","True","True","False","True","0.12708535001062615","0.026999473571777344"
"69","36","43","10","True","True","False","True","0.27206027871894867","0.009003400802612305"
"70","36","43","10","True","True","False","True","0.27206027871894867","0.011002779006958008"
"71","36","43","10","True","True","False","True","0.04392007673613707","0.0469968318939209"
"72","36","43","10","True","True","False","True","0.27206027871894867","0.00999903678894043"
"73","36","43","10","True","True","False","True","0.27206027871894867","0.011999130249023438"
"74","36","43","10","True","False","False","True","0.10679969960873814","0.014000654220581055"
"75","36","43","10","True","True","False","True","0.27206027871894867","0.011988162994384766"
"76","36","43","10","True","True","False","True","0.27206027871894867","0.5159957408905029"
"77","36","43","10","True","True","False","True","0.27206027871894867","0.009000539779663086"
"78","36","43","10","True","True","False","True","0.27206027871894867","0.010996103286743164"
"79","36","43","10","True","True","False","True","0.2756742852770374","0.009005069732666016"
"80","36","43","10","True","True","False","True","0.27206027871894867","0.008998632431030273"
"81","36","43","10","True","True","False","True","0.27206027871894867","0.010000467300415039"
"82","36","43","10","True","True","False","True","0.059275888239846974","0.037996768951416016"
"83","36","43","10","True","True","False","True","0.27206027871894867","0.00899815559387207"
"84","36","43","10","True","True","False","True","0.27206027871894867","0.015004396438598633"
"85","36","43","10","True","True","False","True","0.2756742852770374","0.010999202728271484"
"86","36","43","10","True","True","False","True","0.23618673009590319","0.019996166229248047"
"87","36","43","10","True","True","False","True","0.27206027871894867","0.019997358322143555"
"88","36","43","10","True","True","False","True","0.27206027871894867","0.01799917221069336"
"89","36","43","10","True","True","False","True","0.27206027871894867","0.014998435974121094"
"90","36","43","10","True","True","False","True","0.23275870282459843","0.02799534797668457"
"91","36","43","10","True","True","False","True","0.23275870282459843","0.014997482299804688"
"92","36","43","10","True","True","False","True","0.27206027871894867","0.013000249862670898"
"93","36","43","10","True","True","False","True","0.27206027871894867","0.013008356094360352"
"94","36","43","10","True","True","False","True","0.27206027871894867","0.009999752044677734"
"95","36","43","10","True","True","False","False","0.1992601521260804","0.013005733489990234"
"96","36","43","10","True","True","False","True","0.27206027871894867","0.012004375457763672"
"97","36","43","10","True","True","False","True","0.23275870282459843","0.016992568969726562"
"98","36","43","10","True","True","False","True","0.27206027871894867","0.01599884033203125"
"99","36","43","10","True","True","False","False","0.2334037369577816","0.01700425148010254"
"100","52","62","15","True","True","False","True","0.2039386883404124","0.21210646629333496"
"101","52","62","15","True","True","False","True","0.2039386883404124","0.06799530982971191"
"102","52","62","15","True","True","False","True","0.25681991631061774","0.030994892120361328"
"103","52","62","15","True","True","False","True","0.2062251140095357","0.05500221252441406"
"104","52","62","15","True","True","False","True","0.2039386883404124","0.06199979782104492"
"105","52","62","15","True","True","False","True","0.25926955341328883","0.033000946044921875"
"106","52","62","15","True","True","False","True","0.2299252475526351","0.0370025634765625"
"107","52","62","15","True","True","False","True","0.07172926666244983","0.1189889907836914"
"108","52","62","15","True","True","False","True","0.1787740265398955","0.050002098083496094"
"109","52","62","15","True","True","False","True","0.2299252475526351","0.041997432708740234"
"110","52","62","15","True","True","False","True","0.25681991631061774","0.021987438201904297"
"111","52","62","15","True","True","False","True","0.25681991631061774","0.029003143310546875"
"112","52","62","15","True","True","False","True","0.2299252475526351","0.03399968147277832"
"113","52","62","15","True","True","False","True","0.2299252475526351","0.03900003433227539"
"114","52","62","15","True","True","False","True","0.25681991631061774","0.027998924255371094"
"115","52","62","15","True","True","False","False","0.2039386883404124","0.017994165420532227"
"116","52","62","15","True","True","False","True","0.2299252475526351","0.02999591827392578"
"117","52","62","15","True","True","False","True","0.2299252475526351","0.038994550704956055"
"118","52","62","15","True","True","False","True","0.25681991631061774","0.03499627113342285"
"119","52","62","15","True","True","False","True","0.25681991631061774","0.022003173828125"
"120","52","62","15","True","True","False","True","0.25681991631061774","0.021003007888793945"
"121","52","62","15","True","True","False","True","0.2299252475526351","0.03999662399291992"
"122","52","62","15","True","True","False","True","0.2299252475526351","0.024999380111694336"
"123","52","62","15","True","True","False","True","0.2039386883404124","0.03199887275695801"
"124","52","62","15","True","True","False","True","0.1787740265398955","0.06000494956970215"
"125","52","62","15","True","True","False","True","0.25681991631061774","0.022000551223754883"
"126","52","62","15","True","True","False","True","0.25681991631061774","0.02701854705810547"
"127","52","62","15","True","True","False","True","0.25681991631061774","0.02200174331665039"
"128","52","62","15","True","True","False","True","0.2299252475526351","0.0240023136138916"
"129","52","62","15","True","True","False","True","0.2039386883404124","0.03399491310119629"
"130","52","62","15","True","True","False","True","0.25926955341328883","0.022001028060913086"
"131","52","62","15","True","True","False","True","0.25681991631061774","0.026002883911132812"
"132","52","62","15","True","True","False","True","0.25681991631061774","0.03999042510986328"
"133","52","62","15","True","True","False","True","0.2299252475526351","0.029985666275024414"
"134","52","62","15","True","True","False","True","0.2299252475526351","0.04899930953979492"
"135","52","62","15","True","True","False","True","0.2299252475526351","0.05200362205505371"
"136","52","62","15","True","True","False","True","0.25681991631061774","0.026992321014404297"
"137","52","62","15","True","True","False","True","0.2299252475526351","0.0700078010559082"
"138","52","62","15","True","True","False","True","0.25681991631061774","0.05398845672607422"
"139","52","62","15","True","True","False","True","0.2299252475526351","0.03699755668640137"
"140","52","62","15","True","True","False","True","0.25681991631061774","0.0279998779296875"
"141","52","62","15","True","True","False","True","0.2039386883404124","0.0369873046875"
"142","52","62","15","True","True","False","True","0.2299252475526351","0.02476978302001953"
"143","52","62","15","True","True","False","True","0.25681991631061774","0.028981447219848633"
"144","52","62","15","True","True","False","True","0.25681991631061774","0.0290224552154541"
"145","52","62","15","True","True","False","True","0.2299252475526351","0.03200483322143555"
"146","52","62","15","True","True","False","True","0.2039386883404124","0.04500126838684082"
"147","52","62","15","True","True","False","True","0.25681991631061774","0.03900599479675293"
"148","52","62","15","True","True","False","True","0.25681991631061774","0.028000354766845703"
"149","52","62","15","True","True","False","True","0.2062251140095357","0.08499646186828613"
"150","52","62","15","True","True","False","True","0.25926955341328883","0.03629493713378906"
"151","52","62","15","True","True","False","True","0.2299252475526351","0.03702402114868164"
"152","52","62","15","True","True","False","True","0.25681991631061774","0.02810955047607422"
"153","52","62","15","True","True","False","True","0.15435788477050805","0.05600762367248535"
"154","52","62","15","True","True","False","True","0.2039386883404124","0.054514169692993164"
"155","52","62","15","True","True","False","True","0.25681991631061774","0.02999734878540039"
"156","52","62","15","True","True","False","True","0.2299252475526351","0.029000043869018555"
"157","52","62","15","True","True","False","True","0.2039386883404124","0.03899240493774414"
"158","52","62","15","True","True","False","True","0.25681991631061774","0.027005672454833984"
"159","52","62","15","True","True","False","True","0.25681991631061774","0.021999597549438477"
"160","52","62","15","True","True","False","True","0.25681991631061774","0.028002023696899414"
"161","52","62","15","True","True","False","True","0.23228906347189404","0.02801346778869629"
"162","52","62","15","True","True","False","True","0.1787740265398955","0.04399371147155762"
"163","52","62","15","True","True","False","True","0.25681991631061774","0.023996829986572266"
"164","52","62","15","True","True","False","False","0.17919133220518857","0.017998218536376953"
"165","52","62","15","True","True","False","True","0.2299252475526351","0.03952765464782715"
"166","52","62","15","True","True","False","True","0.23228906347189404","0.03200268745422363"
"167","52","62","15","True","True","False","True","0.2299252475526351","0.03600573539733887"
"168","52","62","15","True","True","False","True","0.2299252475526351","0.02799534797668457"
"169","52","62","15","True","True","False","True","0.2039386883404124","0.04000496864318848"
"170","52","62","15","True","True","False","True","0.2299252475526351","0.04899764060974121"
"171","52","62","15","True","True","False","True","0.23228906347189404","0.0379948616027832"
"172","52","62","15","True","True","False","True","0.2299252475526351","0.06098318099975586"
"173","52","62","15","True","True","False","True","0.25681991631061774","0.04600238800048828"
"174","52","62","15","True","True","False","True","0.2299252475526351","0.03399991989135742"
"175","52","62","15","True","True","False","True","0.25681991631061774","0.0280001163482666"
"176","52","62","15","True","True","False","True","0.2299252475526351","0.03700590133666992"
"177","52","62","15","True","True","False","True","0.2039386883404124","0.04799628257751465"
"178","52","62","15","True","True","False","True","0.2039386883404124","0.04997825622558594"
"179","52","62","15","True","True","False","True","0.25681991631061774","0.028519630432128906"
"180","52","62","15","True","True","False","True","0.2299252475526351","0.03499650955200195"
"181","52","62","15","True","True","False","True","0.25681991631061774","0.025997400283813477"
"182","52","62","15","True","True","False","True","0.2299252475526351","0.03599810600280762"
"183","52","62","15","True","True","False","True","0.25681991631061774","0.02399897575378418"
"184","52","62","15","True","True","False","True","0.2299252475526351","0.026997089385986328"
"185","52","62","15","True","True","False","True","0.2299252475526351","0.03098917007446289"
"186","52","62","15","True","True","False","True","0.25681991631061774","0.03000020980834961"
"187","52","62","15","True","True","False","True","0.2039386883404124","0.03152608871459961"
"188","52","62","15","True","True","False","True","0.1787740265398955","0.03700113296508789"
"189","52","62","15","True","True","False","True","0.1787740265398955","0.04700350761413574"
"190","52","62","15","True","True","False","True","0.10646384813717447","0.04800701141357422"
"191","52","62","15","True","True","False","True","0.25681991631061774","0.02300262451171875"
"192","52","62","15","True","True","False","False","0.20436919267616327","0.014997482299804688"
"193","52","62","15","True","True","False","True","0.25681991631061774","0.033997297286987305"
"194","52","62","15","True","True","False","True","0.2039386883404124","0.03800153732299805"
"195","52","62","15","True","True","False","True","0.2299252475526351","0.03000187873840332"
"196","52","62","15","True","True","False","True","0.2039386883404124","0.036997318267822266"
"197","52","62","15","True","True","False","True","0.25681991631061774","0.031000137329101562"
"198","52","62","15","True","True","False","True","0.2039386883404124","0.031001806259155273"
"199","52","62","15","True","True","False","True","0.25681991631061774","0.026996612548828125"
"200","68","81","20","True","True","False","True","0.24887178628036333","0.04799938201904297"
"201","68","81","20","True","True","False","False","0.19112656362129232","0.029003143310546875"
"202","68","81","20","True","True","False","True","0.20851301240965137","0.07700562477111816"
"203","68","81","20","True","True","False","True","0.18908651474744786","0.08699822425842285"
"204","68","81","20","True","True","False","True","0.2302323144256616","0.04199647903442383"
"205","68","81","20","True","True","False","True","0.2302323144256616","0.06300115585327148"
"206","68","81","20","True","True","False","True","0.2284284722170935","0.0679941177368164"
"207","68","81","20","True","True","False","True","0.2302323144256616","0.07200145721435547"
"208","68","81","20","True","True","False","True","0.2284284722170935","0.06699943542480469"
"209","68","81","20","True","True","False","False","0.20851301240965137","0.032004594802856445"
"210","68","81","20","True","True","False","True","0.2102713638254785","0.07200169563293457"
"211","68","81","20","True","True","False","True","0.2284284722170935","0.05698800086975098"
"212","68","81","20","True","True","False","True","0.24887178628036333","0.054001808166503906"
"213","68","81","20","True","True","False","True","0.2284284722170935","0.06099653244018555"
"214","68","81","20","True","True","False","True","0.20851301240965137","0.07200431823730469"
"215","68","81","20","True","True","False","True","0.20851301240965137","0.0660088062286377"
"216","68","81","20","True","True","False","False","0.18908651474744786","0.024998903274536133"
"217","68","81","20","True","True","False","True","0.18908651474744786","0.06200122833251953"
"218","68","81","20","True","True","False","True","0.2284284722170935","0.04400205612182617"
"219","68","81","20","True","True","False","True","0.24887178628036333","0.062003374099731445"
"220","68","81","20","True","True","False","True","0.18908651474744786","0.07199978828430176"
"221","68","81","20","True","True","False","True","0.20851301240965137","0.06999778747558594"
"222","68","81","20","True","True","False","True","0.18908651474744786","0.06400465965270996"
"223","68","81","20","True","True","False","True","0.2302323144256616","0.05100131034851074"
"224","68","81","20","True","True","False","True","0.20851301240965137","0.07199501991271973"
"225","68","81","20","True","True","False","True","0.2284284722170935","0.06199479103088379"
"226","68","81","20","True","True","False","True","0.2284284722170935","0.06520867347717285"
"227","68","81","20","True","True","False","True","0.24887178628036333","0.04600214958190918"
"228","68","81","20","True","True","False","True","0.25072484312178267","0.04499554634094238"
"229","68","81","20","True","True","False","True","0.2284284722170935","0.05300021171569824"
"230","68","81","20","True","True","False","True","0.20851301240965137","0.06099963188171387"
"231","68","81","20","True","True","False","True","0.2284284722170935","0.03599858283996582"
"232","68","81","20","True","True","False","True","0.20851301240965137","0.0709991455078125"
"233","68","81","20","True","True","False","True","0.24887178628036333","0.04800081253051758"
"234","68","81","20","True","True","False","True","0.18908651474744786","0.07099533081054688"
"235","68","81","20","True","True","False","True","0.2284284722170935","0.05400204658508301"
"236","68","81","20","True","True","False","True","0.2302323144256616","0.041001319885253906"
"237","68","81","20","True","True","False","True","0.24887178628036333","0.21799182891845703"
"238","68","81","20","True","True","False","True","0.2284284722170935","0.05603957176208496"
"239","68","81","20","True","True","False","True","0.20851301240965137","0.08900260925292969"
"240","68","81","20","True","True","False","False","0.21060326385302108","0.027006149291992188"
"241","68","81","20","True","True","False","False","0.19080265210910008","0.03553175926208496"
"242","68","81","20","True","True","False","True","0.20851301240965137","0.08299589157104492"
"243","68","81","20","True","True","False","True","0.24887178628036333","0.06399393081665039"
"244","68","81","20","True","True","False","True","0.2284284722170935","0.06799769401550293"
"245","68","81","20","True","True","False","True","0.2284284722170935","0.053154945373535156"
"246","68","81","20","True","True","False","True","0.17011464068581295","0.0740058422088623"
"247","68","81","20","True","True","False","True","0.17011464068581295","0.10500359535217285"
"248","68","81","20","True","True","False","True","0.07161635524075805","0.303924560546875"
"249","68","81","20","True","True","False","True","0.20851301240965137","0.07600212097167969"
"250","68","81","20","True","True","False","True","0.24887178628036333","0.052991390228271484"
"251","68","81","20","True","True","False","True","0.20851301240965137","0.06900334358215332"
"252","68","81","20","True","True","False","True","0.2284284722170935","0.04699873924255371"
"253","68","81","20","True","True","False","True","0.18908651474744786","0.07299470901489258"
"254","68","81","20","True","True","False","True","0.19080265210910008","0.06299018859863281"
"255","68","81","20","True","True","False","True","0.2284284722170935","0.05999422073364258"
"256","68","81","20","True","True","False","True","0.19080265210910008","0.06299972534179688"
"257","68","81","20","True","True","False","True","0.24887178628036333","0.05100250244140625"
"258","68","81","20","True","True","False","True","0.20851301240965137","0.0639951229095459"
"259","68","81","20","True","True","False","True","0.2284284722170935","0.05899930000305176"
"260","68","81","20","True","True","False","True","0.2284284722170935","0.05800056457519531"
"261","68","81","20","True","True","False","False","0.17011464068581295","0.022989749908447266"
"262","68","81","20","True","True","False","False","0.20851301240965137","0.02599930763244629"
"263","68","81","20","True","True","False","False","0.18940974049161285","0.03800177574157715"
"264","68","81","20","True","True","False","True","0.24887178628036333","0.04700136184692383"
"265","68","81","20","True","True","False","True","0.2284284722170935","0.04599785804748535"
"266","68","81","20","True","True","False","True","0.20851301240965137","0.08699417114257812"
"267","68","81","20","True","True","False","True","0.2284284722170935","0.055521249771118164"
"268","68","81","20","True","True","False","True","0.20851301240965137","0.06902718544006348"
"269","68","81","20","True","True","False","False","0.17011464068581295","0.036017417907714844"
"270","68","81","20","True","True","False","True","0.20851301240965137","0.0529942512512207"
"271","68","81","20","True","True","False","True","0.20851301240965137","0.11000442504882812"
"272","68","81","20","True","True","False","True","0.24887178628036333","0.07501530647277832"
"273","68","81","20","True","True","False","True","0.17011464068581295","0.15301156044006348"
"274","68","81","20","True","True","False","True","0.20851301240965137","0.13987064361572266"
"275","68","81","20","True","True","False","True","0.20851301240965137","0.11500239372253418"
"276","68","81","20","True","True","False","True","0.20851301240965137","0.17200851440429688"
"277","68","81","20","True","True","False","True","0.2284284722170935","0.07400918006896973"
"278","68","81","20","True","True","False","True","0.2102713638254785","0.0729212760925293"
"279","68","81","20","True","True","False","True","0.0728188333729618","0.2609825134277344"
"280","68","81","20","True","True","False","True","0.20851301240965137","0.08599042892456055"
"281","68","81","20","True","True","False","True","0.18908651474744786","0.12099099159240723"
"282","68","81","20","True","True","False","True","0.18908651474744786","0.1380021572113037"
"283","68","81","20","True","True","False","True","0.2284284722170935","0.08798885345458984"
"284","68","81","20","True","True","False","True","0.24887178628036333","0.06100106239318848"
"285","68","81","20","True","True","False","True","0.2284284722170935","0.08799862861633301"
"286","68","81","20","True","True","False","True","0.20851301240965137","0.05757737159729004"
"287","68","81","20","True","True","False","True","0.20851301240965137","0.0670011043548584"
"288","68","81","20","True","True","False","True","0.2284284722170935","0.0610044002532959"
"289","68","81","20","True","True","False","True","0.24887178628036333","0.06100034713745117"
"290","68","81","20","True","True","False","True","0.20851301240965137","0.10299849510192871"
"291","68","81","20","True","True","False","False","0.22876818612645267","0.05099344253540039"
"292","68","81","20","True","True","False","True","0.20851301240965137","0.08499789237976074"
"293","68","81","20","True","True","False","True","0.24887178628036333","0.05699729919433594"
"294","68","81","20","True","True","False","False","0.18940974049161285","0.030071735382080078"
"295","68","81","20","True","True","False","True","0.25072484312178267","0.03799724578857422"
"296","68","81","20","True","True","False","True","0.18908651474744786","0.09999752044677734"
"297","68","81","20","True","True","False","True","0.20851301240965137","0.08899974822998047"
"298","68","81","20","True","True","False","True","0.2284284722170935","0.0769968032836914"
"299","68","81","20","True","True","False","True","0.20851301240965137","0.08699750900268555"
"300","84","100","25","True","True","False","True","0.1800239946646912","0.1410200595855713"
"301","84","100","25","True","True","False","False","0.14984313019563855","0.04999566078186035"
"302","84","100","25","True","True","False","True","0.22750303016723739","0.08200764656066895"
"303","84","100","25","True","True","False","True","0.2289613986149066","0.07600927352905273"
"304","84","100","25","True","True","False","True","0.21135901997439288","0.17500019073486328"
"305","84","100","25","True","True","False","False","0.16614591640642506","0.053994178771972656"
"306","84","100","25","True","True","False","True","0.22750303016723739","0.11600279808044434"
"307","84","100","25","True","True","False","True","0.22750303016723739","0.11656498908996582"
"308","84","100","25","True","True","False","True","0.22750303016723739","0.16300630569458008"
"309","84","100","25","True","True","False","True","0.19553892427868202","0.22399210929870605"
"310","84","100","25","True","True","False","True","0.22750303016723739","0.18879222869873047"
"311","84","100","25","True","True","False","True","0.22750303016723739","0.29399633407592773"
"312","84","100","25","True","True","False","False","0.14984313019563855","0.06299781799316406"
"313","84","100","25","True","True","False","True","0.1800239946646912","0.18499302864074707"
"314","84","100","25","True","True","False","True","0.22750303016723739","0.2039954662322998"
"315","84","100","25","True","True","False","True","0.22750303016723739","0.09500527381896973"
"316","84","100","25","True","True","False","True","0.1800239946646912","0.1589961051940918"
"317","84","100","25","True","True","False","True","0.21135901997439288","0.09400057792663574"
"318","84","100","25","True","True","False","True","0.21135901997439288","0.08499693870544434"
"319","84","100","25","True","True","False","True","0.24399170545168614","0.0860598087310791"
"320","84","100","25","True","True","False","False","0.19693924340945357","0.04907393455505371"
"321","84","100","25","True","True","False","True","0.22750303016723739","0.09499216079711914"
"322","84","100","25","True","True","False","True","0.2127874799008651","0.07799863815307617"
"323","84","100","25","True","True","False","True","0.19553892427868202","0.1659984588623047"
"324","84","100","25","True","True","False","True","0.05705529775921381","0.8089942932128906"
"325","84","100","25","True","True","False","True","0.2289613986149066","0.2169952392578125"
"326","84","100","25","True","True","False","True","0.21135901997439288","0.2270035743713379"
"327","84","100","25","True","True","False","True","0.19553892427868202","0.3359951972961426"
"328","84","100","25","True","True","False","True","0.22750303016723739","0.13399505615234375"
"329","84","100","25","True","True","False","True","0.22750303016723739","0.12400126457214355"
"330","84","100","25","True","True","False","False","0.23042253070209895","0.05000138282775879"
"331","84","100","25","True","True","False","True","0.22750303016723739","0.20000100135803223"
"332","84","100","25","True","True","False","True","0.22750303016723739","0.1660020351409912"
"333","84","100","25","True","True","False","False","0.19553892427868202","0.06900143623352051"
"334","84","100","25","True","False","False","True","0.06398778807568917","0.5900113582611084"
"335","84","100","25","True","True","False","True","0.2127874799008651","0.20603609085083008"
"336","84","100","25","True","True","False","True","0.1800239946646912","0.17999625205993652"
"337","84","100","25","True","True","False","True","0.19553892427868202","0.1699984073638916"
"338","84","100","25","True","True","False","True","0.19553892427868202","0.1510016918182373"
"339","84","100","25","True","True","False","True","0.19553892427868202","0.16600537300109863"
"340","84","100","25","True","True","False","True","0.03195992109100998","0.8929991722106934"
"341","84","100","25","True","True","False","False","0.13514756735585232","0.08299493789672852"
"342","84","100","25","True","True","False","True","0.24399170545168614","0.15500450134277344"
"343","84","100","25","True","True","False","True","0.22750303016723739","0.11100053787231445"
"344","84","100","25","True","True","False","True","0.19553892427868202","0.1451549530029297"
"345","84","100","25","True","True","False","True","0.22750303016723739","0.13666081428527832"
"346","84","100","25","True","True","False","True","0.24399170545168614","0.11899256706237793"
"347","84","100","25","True","True","False","True","0.24399170545168614","0.35999393463134766"
"348","84","100","25","True","True","False","True","0.22750303016723739","0.10621953010559082"
"349","84","100","25","True","True","False","True","0.21135901997439288","0.1680004596710205"
"350","84","100","25","True","True","False","True","0.21135901997439288","0.1490015983581543"
"351","84","100","25","True","True","False","True","0.21135901997439288","0.1530001163482666"
"352","84","100","25","True","True","False","True","0.03124628126609519","1.2730755805969238"
"353","84","100","25","True","True","False","True","0.1800239946646912","0.19242382049560547"
"354","84","100","25","True","True","False","True","0.21135901997439288","0.17099404335021973"
"355","84","100","25","True","True","False","False","0.1800239946646912","0.04301333427429199"
"356","84","100","25","True","True","False","True","0.2127874799008651","0.10100007057189941"
"357","84","100","25","True","True","False","True","0.21135901997439288","0.1460435390472412"
"358","84","100","25","True","True","False","True","0.21135901997439288","0.10900402069091797"
"359","84","100","25","True","True","False","True","0.24399170545168614","0.15999460220336914"
"360","84","100","25","True","True","False","True","0.22750303016723739","0.11799359321594238"
"361","84","100","25","True","True","False","True","0.19553892427868202","0.16416501998901367"
"362","84","100","25","True","False","False","True","0.05931459556739771","0.7354490756988525"
"363","84","100","25","True","True","False","False","0.1800239946646912","0.05202841758728027"
"364","84","100","25","True","True","False","True","0.22750303016723739","0.13590240478515625"
"365","84","100","25","True","True","False","True","0.22750303016723739","0.1009981632232666"
"366","84","100","25","True","True","False","True","0.19553892427868202","0.17101764678955078"
"367","84","100","25","True","True","False","True","0.22750303016723739","0.12302112579345703"
"368","84","100","25","True","True","False","True","0.22750303016723739","0.13199710845947266"
"369","84","100","25","True","True","False","False","0.21135901997439288","0.06401205062866211"
"370","84","100","25","True","True","False","False","0.14984313019563855","0.04799461364746094"
"371","84","100","25","True","True","False","True","0.22750303016723739","0.13700032234191895"
"372","84","100","25","True","True","False","True","0.05903106903092892","0.6650078296661377"
"373","84","100","25","True","True","False","True","0.22750303016723739","0.16500210762023926"
"374","84","100","25","True","True","False","True","0.22750303016723739","0.4050099849700928"
"375","84","100","25","True","True","False","True","0.22750303016723739","0.18099641799926758"
"376","84","100","25","True","True","False","True","0.24399170545168614","0.1150047779083252"
"377","84","100","25","True","True","False","True","0.19553892427868202","0.12800860404968262"
"378","84","100","25","True","True","False","False","0.21135901997439288","0.062009334564208984"
"379","84","100","25","True","True","False","True","0.22750303016723739","0.1379992961883545"
"380","84","100","25","True","True","False","True","0.21135901997439288","0.1620011329650879"
"381","84","100","25","True","True","False","True","0.22750303016723739","0.10001850128173828"
"382","84","100","25","True","True","False","True","0.22750303016723739","0.14200496673583984"
"383","84","100","25","True","True","False","True","0.1800239946646912","0.21628832817077637"
"384","84","100","25","True","True","False","True","0.21135901997439288","0.16098380088806152"
"385","84","100","25","True","True","False","False","0.2289613986149066","0.0559999942779541"
"386","84","100","25","True","True","False","True","0.22750303016723739","0.13900995254516602"
"387","84","100","25","True","True","False","True","0.22750303016723739","0.13199710845947266"
"388","84","100","25","True","True","False","True","0.18139777318240158","0.18000388145446777"
"389","84","100","25","True","True","False","True","0.21135901997439288","0.17400550842285156"
"390","84","100","25","True","True","False","True","0.21135901997439288","0.16499662399291992"
"391","84","100","25","True","True","False","True","0.22750303016723739","0.12799501419067383"
"392","84","100","25","True","True","False","True","0.24399170545168614","0.0984184741973877"
"393","84","100","25","True","True","False","True","0.21135901997439288","0.19700121879577637"
"394","84","100","25","True","True","False","True","0.24399170545168614","0.12000274658203125"
"395","84","100","25","True","True","False","True","0.21135901997439288","0.13899683952331543"
"396","84","100","25","True","True","False","True","0.21135901997439288","0.12001538276672363"
"397","84","100","25","True","True","False","True","0.24399170545168614","0.08599567413330078"
"398","84","100","25","True","True","False","True","0.24399170545168614","0.12830328941345215"
"399","84","100","25","True","True","False","True","0.21135901997439288","0.1790635585784912"
"400","100","119","30","True","True","False","True","0.1999572724372639","0.21499919891357422"
"401","100","119","30","True","True","False","False","0.18683284929284205","0.07301998138427734"
"402","100","119","30","True","True","False","True","0.1999572724372639","0.22102570533752441"
"403","100","119","30","True","True","False","True","0.21330061849341253","0.23898792266845703"
"404","100","119","30","True","True","False","True","0.18683284929284205","0.20000123977661133"
"405","100","119","30","True","True","False","True","0.1999572724372639","0.251007080078125"
"406","100","119","30","True","True","False","True","0.22687422252283418","0.20399928092956543"
"407","100","119","30","True","True","False","True","0.22687422252283418","0.16484379768371582"
"408","100","119","30","True","True","False","True","0.22687422252283418","0.20199346542358398"
"409","100","119","30","True","True","False","False","0.1623278288975698","0.0780029296875"
"410","100","119","30","True","True","False","False","0.21450342458623128","0.08800578117370605"
"411","100","119","30","True","True","False","True","0.17391691455860636","0.2189948558807373"
"412","100","119","30","True","True","False","True","0.18683284929284205","0.2959930896759033"
"413","100","119","30","True","True","False","True","0.24069043286911174","0.17499685287475586"
"414","100","119","30","True","True","False","True","0.22809817921993258","0.17653751373291016"
"415","100","119","30","True","True","False","True","0.24069043286911174","0.18299078941345215"
"416","100","119","30","True","True","False","True","0.1999572724372639","0.26999735832214355"
"417","100","119","30","True","True","False","True","0.18683284929284205","0.3670060634613037"
"418","100","119","30","True","True","False","True","0.18683284929284205","0.2519993782043457"
"419","100","119","30","True","True","False","True","0.22687422252283418","0.13498902320861816"
"420","100","119","30","True","True","False","True","0.20113998782644438","0.21300649642944336"
"421","100","119","30","True","True","False","True","0.21330061849341253","0.2299973964691162"
"422","100","119","30","True","True","False","True","0.1999572724372639","0.18899989128112793"
"423","100","119","30","True","True","False","False","0.18683284929284205","0.0749974250793457"
"424","100","119","30","True","True","False","False","0.17413270510954626","0.060004472732543945"
"425","100","119","30","True","True","False","True","0.21330061849341253","0.18900084495544434"
"426","100","119","30","True","True","False","True","0.21330061849341253","0.1910076141357422"
"427","100","119","30","True","True","False","True","0.17391691455860636","0.2269914150238037"
"428","100","119","30","True","True","False","False","0.17506229497235137","0.10700368881225586"
"429","100","119","30","True","True","False","True","0.21330061849341253","0.22600412368774414"
"430","100","119","30","True","True","False","True","0.1999572724372639","0.25098204612731934"
"431","100","119","30","True","True","False","True","0.20113998782644438","0.27699804306030273"
"432","100","119","30","True","True","False","True","0.22687422252283418","0.2070000171661377"
"433","100","119","30","True","True","False","False","0.17391691455860636","0.06200838088989258"
"434","100","119","30","True","True","False","True","0.22687422252283418","0.18300151824951172"
"435","100","119","30","True","True","False","True","0.1999572724372639","0.3260080814361572"
"436","100","119","30","True","True","False","True","0.24069043286911174","0.15252208709716797"
"437","100","119","30","True","True","False","True","0.18683284929284205","0.21799159049987793"
"438","100","119","30","True","True","False","True","0.21330061849341253","0.2199997901916504"
"439","100","119","30","True","True","False","True","0.18683284929284205","0.24901199340820312"
"440","100","119","30","True","True","False","True","0.18683284929284205","0.19499659538269043"
"441","100","119","30","True","True","False","True","0.1999572724372639","0.20499777793884277"
"442","100","119","30","True","True","False","True","0.1999572724372639","0.18599414825439453"
"443","100","119","30","True","True","False","True","0.22687422252283418","0.1640033721923828"
"444","100","119","30","True","True","False","True","0.24069043286911174","0.18200206756591797"
"445","100","119","30","True","True","False","True","0.18683284929284205","0.2760012149810791"
"446","100","119","30","True","True","False","True","0.1486727056068723","0.5630037784576416"
"447","100","119","30","True","True","False","True","0.22809817921993258","0.13599395751953125"
"448","100","119","30","True","True","False","False","0.18683284929284205","0.05599522590637207"
"449","100","119","30","True","True","False","True","0.24069043286911174","0.13100218772888184"
"450","100","119","30","True","True","False","True","0.21330061849341253","0.15100336074829102"
"451","100","119","30","True","True","False","False","0.1486727056068723","0.0709984302520752"
"452","100","119","30","True","True","False","True","0.18683284929284205","0.22800540924072266"
"453","100","119","30","True","True","False","True","0.1999572724372639","0.1499948501586914"
"454","100","119","30","True","True","False","True","0.17391691455860636","0.20200848579406738"
"455","100","119","30","True","True","False","True","0.24069043286911174","0.2099919319152832"
"456","100","119","30","True","True","False","False","0.1999572724372639","0.0420079231262207"
"457","100","119","30","True","True","False","True","0.17391691455860636","0.2439894676208496"
"458","100","119","30","True","True","False","True","0.22687422252283418","0.10799455642700195"
"459","100","119","30","True","True","False","True","0.18683284929284205","0.2609977722167969"
"460","100","119","30","True","True","False","False","0.12415580135216209","0.04499983787536621"
"461","100","119","30","True","False","False","True","0.06552666268237595","0.4689962863922119"
"462","100","119","30","True","True","False","True","0.22687422252283418","0.13100075721740723"
"463","100","119","30","True","True","False","True","0.1486727056068723","0.2330002784729004"
"464","100","119","30","True","True","False","True","0.16119983719866382","0.1849994659423828"
"465","100","119","30","True","True","False","True","0.22687422252283418","0.11699914932250977"
"466","100","119","30","True","True","False","True","0.18683284929284205","0.14600181579589844"
"467","100","119","30","True","True","False","True","0.17506229497235137","0.1510014533996582"
"468","100","119","30","True","True","False","True","0.22687422252283418","0.10999631881713867"
"469","100","119","30","True","True","False","True","0.20113998782644438","0.13499975204467773"
"470","100","119","30","True","True","False","True","0.21330061849341253","0.11999988555908203"
"471","100","119","30","True","True","False","False","0.18683284929284205","0.04000592231750488"
"472","100","119","30","True","True","False","True","0.2023244568285646","0.1309974193572998"
"473","100","119","30","True","True","False","True","0.18799644821398176","0.21100211143493652"
"474","100","119","30","True","True","False","True","0.1999572724372639","0.1269996166229248"
"475","100","119","30","True","True","False","True","0.21330061849341253","0.1289961338043213"
"476","100","119","30","True","True","False","True","0.21330061849341253","0.15899252891540527"
"477","100","119","30","True","True","False","True","0.21450342458623128","0.12999939918518066"
"478","100","119","30","True","True","False","True","0.24193669666682316","0.09800076484680176"
"479","100","119","30","True","True","False","False","0.18683284929284205","0.05400872230529785"
"480","100","119","30","True","True","False","False","0.14888209577284406","0.10000205039978027"
"481","100","119","30","True","True","False","True","0.22687422252283418","0.1730034351348877"
"482","100","119","30","True","True","False","True","0.22687422252283418","0.16098999977111816"
"483","100","119","30","True","True","False","True","0.1486727056068723","0.209000825881958"
"484","100","119","30","True","True","False","True","0.22687422252283418","0.1439981460571289"
"485","100","119","30","True","True","False","True","0.18683284929284205","0.15199613571166992"
"486","100","119","30","True","True","False","True","0.22809817921993258","0.1119992733001709"
"487","100","119","30","True","True","False","True","0.1999572724372639","0.13700008392333984"
"488","100","119","30","True","True","False","True","0.17391691455860636","0.15400314331054688"
"489","100","119","30","True","True","False","True","0.060925531218149476","0.8829977512359619"
"490","100","119","30","True","True","False","True","0.21330061849341253","0.23800206184387207"
"491","100","119","30","True","True","False","True","0.18683284929284205","0.20299553871154785"
"492","100","119","30","True","True","False","True","0.18683284929284205","0.3540003299713135"
"493","100","119","30","True","True","False","True","0.21330061849341253","0.6200001239776611"
"494","100","119","30","True","True","False","True","0.1999572724372639","0.5020012855529785"
"495","100","119","30","True","True","False","True","0.18683284929284205","0.8229951858520508"
"496","100","119","30","True","True","False","True","0.1999572724372639","0.44700074195861816"
"497","100","119","30","True","True","False","True","0.21330061849341253","0.5379891395568848"
"498","100","119","30","True","True","False","True","0.22687422252283418","0.20700526237487793"
"499","100","119","30","True","True","False","True","0.22687422252283418","0.2960014343261719"
"500","116","138","35","True","True","False","False","0.18158063727147633","0.10799932479858398"
"501","116","138","35","True","True","False","True","0.22641912750131044","0.2779965400695801"
"502","116","138","35","True","True","False","True","0.16952190037552972","0.7405459880828857"
"503","116","138","35","True","False","False","False","0.1805852256495104","0.09600257873535156"
"504","116","138","35","True","True","False","True","0.19179998088848305","0.3850059509277344"
"505","116","138","35","True","True","False","False","0.11628037160199423","0.19400715827941895"
"506","116","138","35","True","True","False","False","0.17050403568132377","0.12900018692016602"
"507","116","138","35","True","True","False","True","0.19179998088848305","0.35999369621276855"
"508","116","138","35","True","True","False","False","0.1805852256495104","0.08301544189453125"
"509","116","138","35","True","True","False","True","0.19179998088848305","0.2859959602355957"
"510","116","138","35","True","True","False","False","0.14800636698305825","0.08199834823608398"
"511","116","138","35","True","True","False","True","0.21470981934838806","0.28600358963012695"
"512","116","138","35","True","True","False","True","0.23830841887032372","0.33800411224365234"
"513","116","138","35","True","True","False","True","0.21470981934838806","0.22499871253967285"
"514","116","138","35","True","True","False","True","0.15957340811170306","0.5199558734893799"
"515","116","138","35","True","True","False","True","0.19179998088848305","0.42599916458129883"
"516","116","138","35","True","True","False","True","0.20317255986013583","0.3559994697570801"
"517","116","138","35","True","True","False","True","0.1805852256495104","0.42200350761413574"
"518","116","138","35","True","True","False","True","0.22641912750131044","0.2730090618133545"
"519","116","138","35","True","True","False","True","0.19179998088848305","0.300001859664917"
"520","116","138","35","True","True","False","True","0.19280922220521168","0.43145036697387695"
"521","116","138","35","True","True","False","True","0.20317255986013583","0.28100109100341797"
"522","116","138","35","True","True","False","True","0.1805852256495104","0.3349921703338623"
"523","116","138","35","True","True","False","True","0.22641912750131044","0.2590019702911377"
"524","116","138","35","True","True","False","True","0.1805852256495104","0.360004186630249"
"525","116","138","35","True","True","False","True","0.21470981934838806","0.3239908218383789"
"526","116","138","35","True","True","False","True","0.20317255986013583","0.3729994297027588"
"527","116","138","35","True","True","False","True","0.16952190037552972","0.4040541648864746"
"528","116","138","35","True","True","False","True","0.18158063727147633","0.2700223922729492"
"529","116","138","35","True","True","False","True","0.22641912750131044","0.17998361587524414"
"530","116","138","35","True","True","False","True","0.19179998088848305","0.2739992141723633"
"531","116","138","35","True","True","False","True","0.20419622379323443","0.29400062561035156"
"532","116","138","35","True","True","False","True","0.22641912750131044","0.403001070022583"
"533","116","138","35","True","True","False","True","0.20317255986013583","0.45700764656066895"
"534","116","138","35","True","True","False","True","0.19179998088848305","0.3952183723449707"
"535","116","138","35","True","True","False","True","0.19280922220521168","0.42099452018737793"
"536","116","138","35","True","True","False","False","0.1805852256495104","0.07399702072143555"
"537","116","138","35","True","True","False","True","0.21367246839326404","0.33300185203552246"
"538","116","138","35","True","True","False","True","0.1805852256495104","0.36798620223999023"
"539","116","138","35","True","True","False","True","0.20317255986013583","0.24599814414978027"
"540","116","138","35","True","True","False","True","0.21470981934838806","0.3069934844970703"
"541","116","138","35","True","True","False","True","0.20317255986013583","0.3120086193084717"
"542","116","138","35","True","True","False","True","0.16952190037552972","0.2769894599914551"
"543","116","138","35","True","True","False","False","0.21470981934838806","0.11900782585144043"
"544","116","138","35","True","True","False","True","0.14878313110877228","0.46999311447143555"
"545","116","138","35","True","True","False","True","0.20317255986013583","0.27399611473083496"
"546","116","138","35","True","True","False","True","0.19179998088848305","0.2940049171447754"
"547","116","138","35","True","True","False","True","0.22641912750131044","0.31453752517700195"
"548","116","138","35","True","True","False","True","0.1805852256495104","0.5010035037994385"
"549","116","138","35","True","True","False","True","0.16952190037552972","0.5610034465789795"
"550","116","138","35","True","True","False","False","0.1805852256495104","0.12499713897705078"
"551","116","138","35","True","True","False","False","0.1586040316902635","0.09800338745117188"
"552","116","138","35","True","True","False","True","0.20317255986013583","0.3430056571960449"
"553","116","138","35","True","True","False","True","0.20317255986013583","0.46100425720214844"
"554","116","138","35","True","True","False","True","0.20419622379323443","0.22200298309326172"
"555","116","138","35","True","True","False","True","0.20317255986013583","0.34601259231567383"
"556","116","138","35","True","True","False","True","0.20419622379323443","0.3780031204223633"
"557","116","138","35","True","True","False","True","0.19179998088848305","0.29999613761901855"
"558","116","138","35","True","True","False","True","0.22747359452188787","0.18899774551391602"
"559","116","138","35","True","True","False","True","0.1805852256495104","0.4239988327026367"
"560","116","138","35","True","True","False","True","0.22641912750131044","0.141998291015625"
"561","116","138","35","True","True","False","True","0.20317255986013583","0.24199962615966797"
"562","116","138","35","True","True","False","True","0.20419622379323443","0.25787901878356934"
"563","116","138","35","True","True","False","True","0.21470981934838806","0.20299935340881348"
"564","116","138","35","True","True","False","True","0.20419622379323443","0.31528592109680176"
"565","116","138","35","True","True","False","True","0.21367246839326404","0.19600248336791992"
"566","116","138","35","True","True","False","True","0.22641912750131044","0.9542789459228516"
"567","116","138","35","True","True","False","True","0.21470981934838806","0.29000139236450195"
"568","116","138","35","True","True","False","True","0.19179998088848305","0.43700480461120605"
"569","116","138","35","True","True","False","True","0.20317255986013583","0.32599663734436035"
"570","116","138","35","True","True","False","True","0.21470981934838806","0.26300501823425293"
"571","116","138","35","True","True","False","True","0.20317255986013583","0.33000731468200684"
"572","116","138","35","True","True","False","False","0.18016203702021394","0.0859975814819336"
"573","116","138","35","True","True","False","False","0.16952190037552972","0.07400298118591309"
"574","116","138","35","True","True","False","True","0.19179998088848305","0.21599793434143066"
"575","116","138","35","True","True","False","True","0.21470981934838806","0.591902494430542"
"576","116","138","35","True","True","False","False","0.16952190037552972","0.0780019760131836"
"577","116","138","35","True","True","False","True","0.19179998088848305","0.22099661827087402"
"578","116","138","35","True","True","False","True","0.19179998088848305","0.2870063781738281"
"579","116","138","35","True","True","False","True","0.20317255986013583","0.21200037002563477"
"580","116","138","35","True","True","False","True","0.1805852256495104","0.2109990119934082"
"581","116","138","35","True","True","False","True","0.1805852256495104","0.3109922409057617"
"582","116","138","35","True","True","False","True","0.20317255986013583","0.48396778106689453"
"583","116","138","35","True","True","False","True","0.20317255986013583","0.4987926483154297"
"584","116","138","35","True","True","False","False","0.18158063727147633","0.08699274063110352"
"585","116","138","35","True","True","False","True","0.16952190037552972","0.3100094795227051"
"586","116","138","35","True","True","False","True","0.22641912750131044","0.2709920406341553"
"587","116","138","35","True","True","False","True","0.20317255986013583","0.2559964656829834"
"588","116","138","35","True","True","False","True","0.19280922220521168","0.3769991397857666"
"589","116","138","35","True","True","False","True","0.20317255986013583","0.22799897193908691"
"590","116","138","35","True","True","False","False","0.19199013336879533","0.09099674224853516"
"591","116","138","35","True","True","False","True","0.20317255986013583","0.3279995918273926"
"592","116","138","35","True","True","False","True","0.1805852256495104","0.505000114440918"
"593","116","138","35","True","True","False","True","0.20317255986013583","0.36499714851379395"
"594","116","138","35","True","True","False","True","0.19179998088848305","0.22600078582763672"
"595","116","138","35","True","True","False","True","0.20419622379323443","0.14100074768066406"
"596","116","138","35","True","True","False","True","0.1805852256495104","0.25600409507751465"
"597","116","138","35","True","True","False","False","0.16970695074727238","0.05601072311401367"
"598","116","138","35","True","True","False","True","0.19280922220521168","0.31600475311279297"
"599","116","138","35","True","True","False","True","0.20317255986013583","0.4100000858306885"
